test_seed,method,reward,success_rate,mean_latency_ms,mean_energy_mJ
950000,MADDPG three-seed mean,-242.3878095610861,0.4466666666666667,1562.1787873657304,38003.166776905855
950001,MADDPG three-seed mean,-260.46046946440265,0.42,1630.3629249970909,35673.07804502184
950002,MADDPG three-seed mean,-191.99840985684895,0.5,1369.5254824585588,31230.42121351865
950003,MADDPG three-seed mean,-210.5209336605041,0.5166666666666667,1727.580238145634,37728.74954875371
950004,MADDPG three-seed mean,-221.7157118488913,0.4966666666666666,1816.947497484213,47263.42208976508
950005,MADDPG three-seed mean,-263.18648303474424,0.45,1864.6530242805384,51458.71686945353
950006,MADDPG three-seed mean,-229.97244514063115,0.4966666666666666,2337.6007399504447,51902.49527796207
950007,MADDPG three-seed mean,-140.18889081873178,0.5966666666666667,1405.202113483105,34800.47525484421
950008,MADDPG three-seed mean,-268.1227133167595,0.4133333333333333,2756.074808811564,49119.49043448255
950009,MADDPG three-seed mean,-190.8546855221559,0.5366666666666667,1757.919471034881,45892.09273282243
950010,MADDPG three-seed mean,-188.8888133953625,0.5533333333333333,1577.4908893085722,38188.603231649206
950011,MADDPG three-seed mean,-190.14855171488628,0.54,1735.394885412331,45168.01671279528
950012,MADDPG three-seed mean,-248.037343097846,0.44,1762.3982073610462,42808.62698088207
950013,MADDPG three-seed mean,-219.5348817385044,0.4733333333333333,1680.649417302573,38165.34152434783
950014,MADDPG three-seed mean,-148.70252449383682,0.6133333333333333,1614.0540019587,37580.28823504611
950015,MADDPG three-seed mean,-224.46632222977163,0.51,1743.0600168471174,45909.181916808615
950016,MADDPG three-seed mean,-247.8859309057598,0.44,1624.7196159578807,35601.629463817015
950017,MADDPG three-seed mean,-262.6830043630495,0.4233333333333333,2058.8796896783983,50523.97268413653
950018,MADDPG three-seed mean,-208.81293344884364,0.4966666666666666,1477.4546042830557,34736.17888413018
950019,MADDPG three-seed mean,-216.679439095275,0.5066666666666667,1802.8898295101212,47304.924252468765
950020,MADDPG three-seed mean,-189.25287441282111,0.5033333333333333,1351.0936660339462,33215.64125821171
950021,MADDPG three-seed mean,-195.75856700761,0.5166666666666667,1519.323135552818,36089.90968159324
950022,MADDPG three-seed mean,-196.18917042607225,0.5233333333333333,1552.0827305604123,33905.897085844976
950023,MADDPG three-seed mean,-214.52882026732945,0.48,2613.0509957035238,51975.543347373175
950024,MADDPG three-seed mean,-199.68214227011345,0.5233333333333333,1628.3928139078423,37517.97154569757
950025,MADDPG three-seed mean,-251.47739650652352,0.4433333333333333,1805.060178994553,46115.61803754358
950026,MADDPG three-seed mean,-268.03920218759947,0.44,1929.5997103190143,51573.349945670496
950027,MADDPG three-seed mean,-253.846541070689,0.44,1675.7738425192515,37147.86955289493
950028,MADDPG three-seed mean,-254.5251103849995,0.4266666666666667,1929.4374050991216,48804.22946122848
950029,MADDPG three-seed mean,-276.8170941130135,0.4266666666666667,1817.4335643639397,46010.92220327299
950030,MADDPG three-seed mean,-225.4400597669,0.47,1590.6848147596272,41703.633710760834
950031,MADDPG three-seed mean,-255.6570277890212,0.4666666666666666,1807.2389776129523,45520.39423998274
950032,MADDPG three-seed mean,-256.33366096165554,0.4233333333333333,1643.2952876944698,35422.281209121786
950033,MADDPG three-seed mean,-216.04634208832195,0.5033333333333333,1836.4679662104345,45087.9224354336
950034,MADDPG three-seed mean,-236.51430411269465,0.48,1830.7169152937477,49364.58553021242
950035,MADDPG three-seed mean,-232.81080380266727,0.48,1793.488399208091,45918.43401186818
950036,MADDPG three-seed mean,-238.76826023567864,0.47,1764.4505192244033,43391.5034790364
950037,MADDPG three-seed mean,-237.72650175935863,0.4599999999999999,1830.3301444700269,46782.65912394424
950038,MADDPG three-seed mean,-161.74314702372538,0.58,1405.5370015415313,35393.45430185523
950039,MADDPG three-seed mean,-197.0960948293241,0.4966666666666666,1555.9149583250958,36123.62720132427
950040,MADDPG three-seed mean,-165.91191860807115,0.5566666666666666,1572.8996621651231,35860.24295547268
950041,MADDPG three-seed mean,-268.2863647031318,0.4066666666666667,1949.5673336560624,48505.81751001813
950042,MADDPG three-seed mean,-218.57853205235577,0.4966666666666666,1747.1627236610884,43316.51125992153
950043,MADDPG three-seed mean,-171.93795968827362,0.55,1770.0387176390043,39468.16678979407
950044,MADDPG three-seed mean,-182.3411422811228,0.54,1488.1462928386936,36612.79821151317
950045,MADDPG three-seed mean,-223.7929741019649,0.4766666666666666,1679.8440536859969,45488.68194846375
950046,MADDPG three-seed mean,-226.4857261596597,0.4833333333333333,1711.6148364277026,43180.12746372965
950047,MADDPG three-seed mean,-251.88765461535357,0.4366666666666667,1578.8710225312298,32072.669103538432
950048,MADDPG three-seed mean,-271.53456645482447,0.43,2112.014844541069,55363.45556192258
950049,MADDPG three-seed mean,-248.6602957177036,0.4233333333333333,1940.9403718809017,45645.34824556435
950050,MADDPG three-seed mean,-262.64943881444447,0.4466666666666667,2226.995362461956,56064.18553589665
950051,MADDPG three-seed mean,-274.4860170834549,0.4233333333333333,2093.424713912656,49774.77384151096
950052,MADDPG three-seed mean,-208.00011337586943,0.54,1595.254432593736,37619.02991001203
950053,MADDPG three-seed mean,-273.56098839188144,0.44,2034.6248401588284,58743.00147036667
950054,MADDPG three-seed mean,-232.52461091236785,0.4833333333333333,1856.999781924743,41531.77575859028
950055,MADDPG three-seed mean,-250.2385450387036,0.4466666666666667,2308.9365997514587,47877.49945097504
950056,MADDPG three-seed mean,-233.7903869060478,0.47,1764.7861177323173,43545.5650569715
950057,MADDPG three-seed mean,-185.5193875663612,0.57,1665.2061121231582,39377.56319914912
950058,MADDPG three-seed mean,-284.7021598972787,0.4266666666666667,2136.782283015833,60726.10834773399
950059,MADDPG three-seed mean,-206.3065981964939,0.5066666666666667,1867.3882512014093,43451.94768729389
950060,MADDPG three-seed mean,-210.5305126353633,0.5166666666666667,1753.1689898498291,41854.11410639149
950061,MADDPG three-seed mean,-222.36577602076665,0.4966666666666666,1812.75018753676,47781.86211561264
950062,MADDPG three-seed mean,-200.0550093256525,0.52,1595.87683021517,40122.12461734028
950063,MADDPG three-seed mean,-287.0017367260968,0.4033333333333333,3056.429270469563,64710.53812307719
950064,MADDPG three-seed mean,-251.18012636050375,0.4466666666666666,2290.3479081542337,42578.8191376553
950065,MADDPG three-seed mean,-233.00239872496925,0.4633333333333333,1645.1793935014043,39570.66557362384
950066,MADDPG three-seed mean,-207.92389463802672,0.4933333333333333,1708.155878585619,44651.61076744731
950067,MADDPG three-seed mean,-249.05927746131945,0.4633333333333333,1949.2937618602784,46599.85874290016
950068,MADDPG three-seed mean,-265.37612501078746,0.42,2445.32441705519,59357.24780148464
950069,MADDPG three-seed mean,-175.62716121793224,0.5466666666666667,1573.0358244275294,40684.80758212384
950070,MADDPG three-seed mean,-221.6744655891098,0.4833333333333333,1758.6116983251286,40487.115995406086
950071,MADDPG three-seed mean,-141.28787498439632,0.5966666666666667,1345.2815394114264,32294.0265744262
950072,MADDPG three-seed mean,-228.4556285338239,0.4866666666666666,1867.0105901986096,48449.03571730725
950073,MADDPG three-seed mean,-236.131438133026,0.4533333333333333,1890.5166665671468,41428.7006247181
950074,MADDPG three-seed mean,-157.11026943936153,0.6066666666666666,1553.1516396257125,37997.90698684784
950075,MADDPG three-seed mean,-188.24605083722204,0.5533333333333333,1590.9878973679322,38239.57573513906
950076,MADDPG three-seed mean,-212.4118488087285,0.4933333333333333,1517.624568180969,36718.46711013783
950077,MADDPG three-seed mean,-203.6077894958577,0.51,1676.6651701053058,43205.56841257228
950078,MADDPG three-seed mean,-254.0038552385331,0.4433333333333333,1845.9608960981864,47134.54034425137
950079,MADDPG three-seed mean,-199.20399501458164,0.49,1399.65123330187,32314.055690681485
950080,MADDPG three-seed mean,-289.3869660155304,0.4133333333333333,2033.841376962495,58795.41283299487
950081,MADDPG three-seed mean,-233.5572629854596,0.4733333333333333,1753.179602185137,46269.79293272351
950082,MADDPG three-seed mean,-152.3086653092699,0.5866666666666667,1573.2281854548482,38363.13698030214
950083,MADDPG three-seed mean,-250.03366530055465,0.45,1608.866345981941,39880.78924535862
950084,MADDPG three-seed mean,-188.6510657028696,0.5166666666666667,1758.6501679768628,45996.38929926647
950085,MADDPG three-seed mean,-196.2693757698532,0.4966666666666666,1556.2546060393945,38907.12987658114
950086,MADDPG three-seed mean,-188.2497485535804,0.51,1510.3142618820273,39294.77683268202
950087,MADDPG three-seed mean,-207.86751995213163,0.51,1656.892135527367,41824.971312189184
950088,MADDPG three-seed mean,-263.303091077524,0.4333333333333333,1820.2768536976132,45969.7854680814
950089,MADDPG three-seed mean,-149.437379605621,0.6033333333333334,1520.3108175071304,37385.42124035977
950090,MADDPG three-seed mean,-239.76284871487331,0.4466666666666667,2195.2585440261446,54478.18808024788
950091,MADDPG three-seed mean,-263.8483176647616,0.4133333333333333,1793.9055813434736,45554.77262399483
950092,MADDPG three-seed mean,-215.02149226445013,0.4966666666666666,1671.4614114583069,45184.18373004192
950093,MADDPG three-seed mean,-235.95220045328173,0.4833333333333333,1820.2474508437376,46372.87292850594
950094,MADDPG three-seed mean,-202.6114436130481,0.4933333333333333,1555.6232259325218,39791.20730574147
950095,MADDPG three-seed mean,-261.1111194968203,0.4066666666666667,1575.000979484431,39095.98131908563
950096,MADDPG three-seed mean,-275.26498235028623,0.4066666666666667,1690.090512056924,33522.99734605668
950097,MADDPG three-seed mean,-257.890454341815,0.4233333333333333,2355.618252065828,57194.76334440761
950098,MADDPG three-seed mean,-203.14273525453987,0.5266666666666667,1670.7818255159546,39981.18811324835
950099,MADDPG three-seed mean,-229.5453864245013,0.48,1910.559147878386,45013.12044791514
950000,Random allocation,-303.8512160593375,0.34,2499.588055735221,84874.81585880416
950000,Latency heuristic,-224.5318173142061,0.47,1448.4690030082168,32315.27960167025
950001,Random allocation,-325.6884703409923,0.28,2377.3151136933257,73023.57661533754
950001,Latency heuristic,-223.48679362465705,0.49,1523.6777819603003,30336.65728726785
950002,Random allocation,-226.0477409142084,0.44,2155.55250486495,70533.99987170874
950002,Latency heuristic,-176.3658321429774,0.52,1276.1195300327634,26557.67549920749
950003,Random allocation,-221.54233640704857,0.47,2409.5050053562763,72433.31920024239
950003,Latency heuristic,-198.4134537084116,0.53,1597.5387225833083,31829.5773414117
950004,Random allocation,-259.88039361797115,0.41,2696.221193686294,91229.6289789326
950004,Latency heuristic,-204.7015631773245,0.52,1675.4635010488716,40187.56006432484
950005,Random allocation,-297.55555501234534,0.38,2920.3718160441085,104269.29114874409
950005,Latency heuristic,-246.84780172860044,0.47,1709.7374971983954,43732.894699410375
950006,Random allocation,-287.9509656978344,0.39,3125.811150920893,113253.9168736383
950006,Latency heuristic,-216.1362432536916,0.51,1762.1594269632983,45065.83022610075
950007,Random allocation,-173.80619990111038,0.5,2001.487161819853,64617.16737341077
950007,Latency heuristic,-118.71525255198613,0.63,1301.0460662532928,29592.052883051405
950008,Random allocation,-272.70125390859084,0.39,3004.984028594543,101690.15994084447
950008,Latency heuristic,-250.34623046613515,0.44,1840.772426814292,43475.52372970288
950009,Random allocation,-227.2163961084195,0.44,2363.085918733471,76151.74279717717
950009,Latency heuristic,-173.577350191853,0.56,1620.5338926904162,39020.99404124371
950010,Random allocation,-221.237501514674,0.49,2275.949664237441,76012.0268049762
950010,Latency heuristic,-174.0972317007125,0.57,1435.1965683391663,33969.64288763382
950011,Random allocation,-238.55526600977015,0.44,2655.463239255856,95830.89494064925
950011,Latency heuristic,-173.706394347094,0.56,1540.058924471181,40057.33688338592
950012,Random allocation,-270.60727702198125,0.38,2449.870264171701,77365.99106528962
950012,Latency heuristic,-235.0205219056428,0.45,1640.17935239868,36875.94424794512
950013,Random allocation,-269.1477855097992,0.38,2317.127568473986,73639.8892930445
950013,Latency heuristic,-208.0767912023428,0.48,1513.3292376576276,33444.635758226694
950014,Random allocation,-186.73464693592305,0.51,2375.720328978936,78255.95394751262
950014,Latency heuristic,-139.907918569975,0.62,1477.193732194005,33324.314561462816
950015,Random allocation,-265.9653000998787,0.43,2739.5921047020315,95740.92461531216
950015,Latency heuristic,-215.20570774985023,0.51,1605.6132037194925,39036.253476280086
950016,Random allocation,-297.12528579562377,0.33,2149.204254449321,61828.28067238196
950016,Latency heuristic,-211.1316111895993,0.51,1518.2467361901715,30275.86627974721
950017,Random allocation,-305.54313264192075,0.33,2901.583946486964,92844.5333125629
950017,Latency heuristic,-247.77875367674287,0.44,1902.758231249613,42897.88749225909
950018,Random allocation,-275.02812270763644,0.36,2335.946899502838,77664.4670281547
950018,Latency heuristic,-195.11647119628415,0.51,1373.5068567748792,29538.182450516837
950019,Random allocation,-255.72450782866176,0.42,2724.659302222763,93395.55310310754
950019,Latency heuristic,-193.6553008985065,0.54,1661.2797088680638,40222.31610120834
950020,Random allocation,-210.4251746349915,0.45,1890.649333598292,60194.815906218544
950020,Latency heuristic,-158.64019777797202,0.56,1251.7001184620242,28243.89702963977
950021,Random allocation,-233.2339324169727,0.44,2212.0923979886834,70730.90446967607
950021,Latency heuristic,-170.97789202544092,0.56,1411.346060032455,30688.98395870981
950022,Random allocation,-252.96932990502708,0.38,2210.6001514663217,66835.22790030921
950022,Latency heuristic,-178.66091609378083,0.55,1450.670275444823,28833.95508421105
950023,Random allocation,-284.1364667251548,0.34,2982.8800012476977,98979.6519284963
950023,Latency heuristic,-194.0943611280691,0.51,1931.1022827215245,46386.46807554273
950024,Random allocation,-222.91004185046523,0.45,2360.6214965717622,74135.88576835465
950024,Latency heuristic,-186.456620845483,0.54,1516.115888290976,31905.402630354096
950025,Random allocation,-287.7893964150713,0.35,2691.127371880472,91449.51288122404
950025,Latency heuristic,-236.9452844788713,0.46,1661.633615796481,39970.5692457944
950026,Random allocation,-316.2497781941414,0.32,3020.7685667553264,106157.03176745672
950026,Latency heuristic,-255.80849680011315,0.45,1774.35832686201,43831.86980962826
950027,Random allocation,-298.1368005683041,0.35,2538.646562243652,80294.05978223233
950027,Latency heuristic,-216.9913308444803,0.51,1564.6648737085643,31590.543695586923
950028,Random allocation,-293.39878782448426,0.35,3138.493877583325,109259.94403294667
950028,Latency heuristic,-228.74806726901312,0.47,1783.3573878167183,41498.24597829147
950029,Random allocation,-315.6571737328493,0.35,2699.3317611845323,90944.00479158552
950029,Latency heuristic,-258.57713994692347,0.45,1648.4007467203355,38392.073197909536
950030,Random allocation,-268.29690471880986,0.38,2334.106112598758,78890.08034165128
950030,Latency heuristic,-205.1229860558064,0.5,1465.519119984537,35456.13231475138
950031,Random allocation,-301.52476308919466,0.36,2482.743687159119,79398.42521231165
950031,Latency heuristic,-245.13595666314944,0.47,1668.255038993542,38669.18583656728
950032,Random allocation,-292.8993273617696,0.34,2282.491083961307,67384.1133684608
950032,Latency heuristic,-221.37060897048624,0.49,1537.3740964822612,30123.85598601063
950033,Random allocation,-253.85744475566835,0.38,2423.623726644079,74452.10864062642
950033,Latency heuristic,-201.44554558676464,0.52,1701.4862340099908,38340.26668751053
950034,Random allocation,-277.31482418942056,0.37,2698.477641485192,93254.0680256364
950034,Latency heuristic,-220.637386127828,0.5,1684.1361879214323,42531.61980691412
950035,Random allocation,-286.90793987245536,0.37,2655.5643401204925,89025.57540197302
950035,Latency heuristic,-207.19169531161347,0.52,1656.0480868600446,39044.27941834411
950036,Random allocation,-268.52786133282217,0.39,2322.887347722334,71414.32227247795
950036,Latency heuristic,-218.64984859680837,0.5,1631.336410585769,36832.47446900791
950037,Random allocation,-290.6661748944029,0.34,2811.539739323357,95987.70638550798
950037,Latency heuristic,-221.48282027747817,0.48,1696.5380979009244,40232.41914373602
950038,Random allocation,-189.1842373112497,0.51,2130.3305592580527,71636.0196190398
950038,Latency heuristic,-142.26585609143075,0.61,1299.6009611940735,30095.25510695288
950039,Random allocation,-232.77786611080455,0.42,2202.9414117174406,68953.37258757575
950039,Latency heuristic,-179.47443877283612,0.52,1434.7401507839093,30539.39008836089
950040,Random allocation,-233.77515221212963,0.4,2238.4520722193374,69592.11781308803
950040,Latency heuristic,-152.3103090176335,0.57,1451.51222235739,30239.76081092907
950041,Random allocation,-316.1405334598168,0.29,3182.722521333734,110166.86120672764
950041,Latency heuristic,-242.72865159649075,0.45,1804.397871488395,41245.071342520016
950042,Random allocation,-259.6773498963269,0.39,2547.53544789186,83338.21913636006
950042,Latency heuristic,-205.5634981240818,0.51,1617.5291955251448,36832.94108215174
950043,Random allocation,-215.27390503641,0.45,2376.9410156504227,75131.27462365906
950043,Latency heuristic,-160.49273628315953,0.56,1560.1860927918535,34287.74541210799
950044,Random allocation,-248.36470391495456,0.39,2164.356842904555,70427.47237754104
950044,Latency heuristic,-166.5204941656651,0.56,1378.563781459299,31133.11681338691
950045,Random allocation,-264.2841856439932,0.38,2723.9841138562,98326.2174759847
950045,Latency heuristic,-207.2387836195357,0.5,1543.3791395704604,39292.17764648942
950046,Random allocation,-290.0441155906642,0.35,2627.964516594237,89000.50802103645
950046,Latency heuristic,-202.4317081177975,0.52,1582.373808677782,36716.32851791617
950047,Random allocation,-301.2720591538064,0.34,2274.7721933036214,66869.77812690362
950047,Latency heuristic,-230.14390817470243,0.47,1482.9978286218611,27276.3310419025
950048,Random allocation,-316.34276418286646,0.33,2929.1034932456537,96220.55117517868
950048,Latency heuristic,-250.169111531768,0.46,1946.2713916654225,47073.691752472
950049,Random allocation,-302.64758863890034,0.32,2954.946613353914,96406.36526692456
950049,Latency heuristic,-229.05614727486147,0.45,1802.5843803071832,38783.0451417721
950050,Random allocation,-304.1689006637516,0.35,3762.005520449368,134513.48053912318
950050,Latency heuristic,-253.30058601667184,0.45,2037.4523468593627,48281.05454544737
950051,Random allocation,-306.49548038584794,0.34,3054.2196990277657,97819.84204621616
950051,Latency heuristic,-256.0782191052511,0.45,1944.4585135201803,42325.81426824905
950052,Random allocation,-238.4321168832957,0.45,2343.3809789391444,75121.70343304655
950052,Latency heuristic,-192.93732572422488,0.56,1479.320101992233,31913.800229304077
950053,Random allocation,-319.4947602160671,0.33,3010.4813522470545,107647.21248612658
950053,Latency heuristic,-261.44413019453526,0.45,1855.159283476254,49876.21453463221
950054,Random allocation,-269.5347247946779,0.39,2649.890254385749,81179.88629023085
950054,Latency heuristic,-214.89154827161232,0.51,1732.7482856494637,35318.161211462015
950055,Random allocation,-284.3382699232248,0.36,2716.153321233119,94748.1421973652
950055,Latency heuristic,-228.2801967352238,0.48,1656.8385071243697,41778.40947096053
950056,Random allocation,-283.5956962625461,0.35,2494.1708144541267,80153.8357847219
950056,Latency heuristic,-217.9533048542933,0.49,1640.7622129060394,37477.308551452654
950057,Random allocation,-229.0330332833468,0.44,2450.236171732768,81193.67992615959
950057,Latency heuristic,-170.71316159336354,0.59,1523.115188667763,34832.95619795261
950058,Random allocation,-333.6124602714043,0.31,3343.0358141825145,121150.1806158213
950058,Latency heuristic,-271.1379223453965,0.44,1951.3949411840056,51562.42846015911
950059,Random allocation,-258.53580224554173,0.39,2731.058604563096,86660.16569218556
950059,Latency heuristic,-193.46637243747276,0.52,1736.7577321894985,36939.48217690524
950060,Random allocation,-261.3948863796118,0.38,2358.2919753142983,73072.6449958257
950060,Latency heuristic,-193.27389065524608,0.54,1594.9370130878058,34900.37251146902
950061,Random allocation,-268.99124754830734,0.39,2841.1964919181178,99206.89096690786
950061,Latency heuristic,-199.11137130259036,0.53,1669.7087913401174,40627.702745003015
950062,Random allocation,-249.4935914935003,0.4,2611.173981714574,90891.06431380604
950062,Latency heuristic,-184.317796131921,0.54,1475.7769286500268,34116.732683500646
950063,Random allocation,-325.7584326042007,0.33,3600.3653610518127,132745.31912459212
950063,Latency heuristic,-270.5052682831161,0.42,2055.663599281565,55505.49055933584
950064,Random allocation,-304.8704691882044,0.33,2459.6226665320746,78630.3106277064
950064,Latency heuristic,-232.9401152335485,0.47,1634.0564654074926,37347.97677281912
950065,Random allocation,-266.6482818872052,0.4,2532.973247277696,83965.14737839895
950065,Latency heuristic,-220.61702054128745,0.47,1526.7246637433718,33648.844097818226
950066,Random allocation,-245.84405191826335,0.4,2561.314690995035,87828.75293739373
950066,Latency heuristic,-191.4340521536185,0.51,1558.6946296367958,37693.19710803007
950067,Random allocation,-259.6027855358803,0.42,2946.642579198748,96473.27032323848
950067,Latency heuristic,-235.23188053946595,0.48,1809.7966310950576,39626.69542951432
950068,Random allocation,-316.5692445085704,0.33,3896.264749899945,136535.57768693296
950068,Latency heuristic,-248.99320610642715,0.44,2224.0998692884973,52922.18099441042
950069,Random allocation,-208.969746953856,0.48,2434.486243888968,83760.52145042046
950069,Latency heuristic,-153.3581999646771,0.58,1451.2421806017985,34594.565839417126
950070,Random allocation,-259.9146555341683,0.39,2637.964469109479,85965.04245336127
950070,Latency heuristic,-207.84823970540097,0.5,1632.0555711668535,35664.6048470276
950071,Random allocation,-184.85021878448748,0.51,2058.99605945334,67982.38736244541
950071,Latency heuristic,-120.69923380987434,0.63,1248.6450593171116,27461.08572065944
950072,Random allocation,-267.52660124942645,0.41,2792.0616463729234,94705.8958886928
950072,Latency heuristic,-215.18297117018508,0.5,1721.975352995433,41196.78917981981
950073,Random allocation,-292.9340752618637,0.34,2764.466649934955,85174.87469322396
950073,Latency heuristic,-220.33754435740823,0.47,1765.1594288507506,35203.40474386329
950074,Random allocation,-199.4927556002353,0.49,2393.7648881713963,80033.57216703927
950074,Latency heuristic,-149.55919924441676,0.61,1439.4240130653643,32311.22829838032
950075,Random allocation,-235.729482968103,0.44,2251.586240272412,74259.90854232022
950075,Latency heuristic,-173.20066427028948,0.57,1446.9972465769906,34026.021483146724
950076,Random allocation,-277.1749019827304,0.35,2182.1329161144167,69950.04336451684
950076,Latency heuristic,-200.4938045954671,0.5,1407.7162185877842,31224.10120839034
950077,Random allocation,-248.660767989014,0.41,2514.9279600740374,85123.15139097015
950077,Latency heuristic,-186.48710354465817,0.53,1547.3272507459685,36738.01763977297
950078,Random allocation,-288.452125734047,0.36,2683.930227507205,89193.27959693783
950078,Latency heuristic,-238.1732025638879,0.46,1710.9699600728868,40540.1450100354
950079,Random allocation,-222.16119017294983,0.44,1918.9117594236843,58279.150572369006
950079,Latency heuristic,-183.22255433942095,0.51,1302.9974843829857,27478.813404809505
950080,Random allocation,-330.1133159817047,0.33,3259.648225661534,120090.85101557622
950080,Latency heuristic,-277.8909030992682,0.42,1857.73189578064,49989.86210177057
950081,Random allocation,-284.8997330008268,0.36,2836.4314165776,100437.13991579946
950081,Latency heuristic,-214.4417549561228,0.5,1614.657451579835,39342.57705431019
950082,Random allocation,-210.9544330440499,0.46,2323.84014983165,76334.82640024195
950082,Latency heuristic,-134.48026485199935,0.61,1444.4426357160858,32360.62320132365
950083,Random allocation,-297.3119629364684,0.34,2325.779484965541,75729.11237873523
950083,Latency heuristic,-234.0100969997196,0.47,1489.528066400369,33911.44322657739
950084,Random allocation,-243.70647625593185,0.38,2628.247536611573,89481.25658315932
950084,Latency heuristic,-171.6091575118802,0.54,1620.919469123166,39110.738334730326
950085,Random allocation,-263.2825172607707,0.36,2532.278191342353,87712.6944036271
950085,Latency heuristic,-166.5207492755739,0.55,1439.7808105217223,33084.18545650156
950086,Random allocation,-244.20105715296617,0.4,2276.9746569221625,77632.74608347146
950086,Latency heuristic,-160.34472146157788,0.56,1392.6651437961173,33412.851078253
950087,Random allocation,-255.6067776029093,0.41,2699.937185695301,93980.1972254117
950087,Latency heuristic,-192.3872307376261,0.53,1531.708713150071,35564.2591085128
950088,Random allocation,-304.4238775757589,0.35,2726.920286803756,92161.16177391162
950088,Latency heuristic,-247.52746230935128,0.45,1642.636720813522,37942.138431234016
950089,Random allocation,-201.44860487507285,0.48,2247.9809117564723,77233.22284554898
950089,Latency heuristic,-135.02552954540582,0.62,1370.501014700362,33355.18120310685
950090,Random allocation,-276.0399424829893,0.37,3615.6750831561694,128054.73597643996
950090,Latency heuristic,-222.51784945195848,0.47,2001.8694970172317,47361.31403797469
950091,Random allocation,-277.8775961571352,0.36,2647.491312474707,89725.52569262777
950091,Latency heuristic,-250.85967165864056,0.42,1638.4261218870038,39267.53753860376
950092,Random allocation,-290.1344636768593,0.34,2510.7686878431145,87154.0697281575
950092,Latency heuristic,-193.6055829066489,0.53,1536.1517551422037,38419.14020289756
950093,Random allocation,-289.08911590394524,0.36,2710.529765131781,90960.43929670626
950093,Latency heuristic,-217.58639344842985,0.51,1679.132667466633,39385.82465055587
950094,Random allocation,-263.0827220208693,0.36,2082.2624738294567,66125.35177083497
950094,Latency heuristic,-180.1103634160345,0.53,1436.516734892298,33833.95426285503
950095,Random allocation,-320.47782507560095,0.3,2349.6301984352817,77830.19012405645
950095,Latency heuristic,-237.82988920870267,0.44,1458.0122646581085,33244.078775078204
950096,Random allocation,-320.8948908722114,0.31,2413.3388833983304,69688.80990950219
950096,Latency heuristic,-245.8387950006467,0.46,1589.8878620419175,28510.44793369796
950097,Random allocation,-290.17269948389696,0.35,3247.435304816415,105782.39908779845
950097,Latency heuristic,-243.6471109180296,0.44,2150.830352582964,50947.08543765976
950098,Random allocation,-249.22362972317865,0.41,2433.3181837512475,79065.90292404611
950098,Latency heuristic,-186.2821602774948,0.55,1518.2033830782582,33305.66692577476
950099,Random allocation,-277.994459417597,0.36,2653.50989802647,82704.74254545997
950099,Latency heuristic,-222.20831284700236,0.48,1759.3326830213646,37991.43434157397
950000,MADDPG Seed 42 baseline,-232.07552588994835,0.46,1495.7540501844308,34684.82710812998
950001,MADDPG Seed 42 baseline,-247.5615150781671,0.44,1568.037920216736,32559.805118404565
950002,MADDPG Seed 42 baseline,-187.5389232807201,0.5,1314.9555888329514,28504.30695591513
950003,MADDPG Seed 42 baseline,-205.31637304558816,0.52,1644.0817522864425,34162.211455668155
950004,MADDPG Seed 42 baseline,-211.9734751792743,0.51,1734.3125745725893,43135.420357529685
950005,MADDPG Seed 42 baseline,-254.50364116395525,0.46,1773.8011856030762,46941.71304722796
950006,MADDPG Seed 42 baseline,-219.7840986761959,0.51,1828.177604576373,48372.3949165699
950007,MADDPG Seed 42 baseline,-130.25236523251775,0.61,1344.3566607100884,31762.153498484982
950008,MADDPG Seed 42 baseline,-261.475301839636,0.42,1904.4430088182007,46664.53734658582
950009,MADDPG Seed 42 baseline,-184.8804144249324,0.54,1677.6828078044157,41883.41883249262
950010,MADDPG Seed 42 baseline,-177.58220023859715,0.57,1484.9336934758535,36461.13736214011
950011,MADDPG Seed 42 baseline,-177.21617714088916,0.56,1598.7478761077343,42996.53472136003
950012,MADDPG Seed 42 baseline,-238.9439956684504,0.45,1694.1428077413975,39579.88649570066
950013,MADDPG Seed 42 baseline,-211.91246172336025,0.48,1562.2633713708074,35896.87828564568
950014,MADDPG Seed 42 baseline,-142.45449787642428,0.62,1525.969035540439,35768.043160276604
950015,MADDPG Seed 42 baseline,-219.4401603151388,0.51,1662.7769801107167,41899.78085876438
950016,MADDPG Seed 42 baseline,-235.04983921830723,0.46,1562.5211430343666,32494.56033678409
950017,MADDPG Seed 42 baseline,-255.05961868524813,0.43,1965.550866530992,46043.67457798479
950018,MADDPG Seed 42 baseline,-198.8853316939804,0.51,1416.7252315258831,31703.84492589124
950019,MADDPG Seed 42 baseline,-205.69971238546523,0.52,1720.1838017783314,43172.878507976646
950020,MADDPG Seed 42 baseline,-181.9691340683789,0.51,1293.0367629786117,30315.033845752747
950021,MADDPG Seed 42 baseline,-186.07446030066853,0.53,1456.249936960916,32938.967279002434
950022,MADDPG Seed 42 baseline,-181.5691951065436,0.55,1492.8265778679922,30947.048165166107
950023,MADDPG Seed 42 baseline,-205.86682911154512,0.49,1999.0544549650792,49789.10924821886
950024,MADDPG Seed 42 baseline,-193.18187121759829,0.53,1562.7852987430074,34244.30415047619
950025,MADDPG Seed 42 baseline,-240.49912614052167,0.46,1720.165668005198,42902.62526348216
950026,MADDPG Seed 42 baseline,-259.4189739729608,0.45,1838.5517134814977,47047.41204160772
950027,MADDPG Seed 42 baseline,-240.951600594394,0.46,1610.8688499785408,33905.726787206986
950028,MADDPG Seed 42 baseline,-240.4578303885579,0.45,1844.112728492039,44541.87489847181
950029,MADDPG Seed 42 baseline,-266.1460220874817,0.44,1704.6107842582662,41207.87359126374
950030,MADDPG Seed 42 baseline,-216.6751538072268,0.48,1517.432304784301,38057.0273538646
950031,MADDPG Seed 42 baseline,-249.2063737248076,0.47,1724.8613829300698,41505.2117417098
950032,MADDPG Seed 42 baseline,-245.0545817719635,0.44,1581.4161891280105,32331.15057587992
950033,MADDPG Seed 42 baseline,-208.8741199104124,0.51,1757.6146838116538,41151.79846329088
950034,MADDPG Seed 42 baseline,-227.990952937833,0.49,1746.4334875708248,45652.002350511495
950035,MADDPG Seed 42 baseline,-223.20201388935772,0.49,1713.2146562863254,41908.01558680965
950036,MADDPG Seed 42 baseline,-226.18428963473136,0.49,1685.2517092685562,39533.5302072529
950037,MADDPG Seed 42 baseline,-225.07573431480432,0.48,1755.4381596852056,43183.32868557427
950038,MADDPG Seed 42 baseline,-157.37506763423272,0.58,1343.6604492208005,32302.53402695999
950039,MADDPG Seed 42 baseline,-186.92045073206657,0.51,1479.4206634163595,32778.30862584696
950040,MADDPG Seed 42 baseline,-155.8214578201003,0.57,1495.740450689829,32456.42635573413
950041,MADDPG Seed 42 baseline,-254.3467372404149,0.43,1864.7712201212416,44269.85503439283
950042,MADDPG Seed 42 baseline,-212.83563801213683,0.5,1671.4419541765733,39534.07988537023
950043,MADDPG Seed 42 baseline,-163.6206065134602,0.56,1610.3550616224518,36801.78210034907
950044,MADDPG Seed 42 baseline,-173.99867568093347,0.55,1424.1258785056302,33416.11624274201
950045,MADDPG Seed 42 baseline,-214.3579934425593,0.49,1600.9346222349116,42175.09315069834
950046,MADDPG Seed 42 baseline,-218.34550417430236,0.49,1636.130733844096,39409.13475264351
950047,MADDPG Seed 42 baseline,-237.74913187136357,0.46,1522.8519506399305,29274.514562354376
950048,MADDPG Seed 42 baseline,-258.2081985194422,0.45,2015.2207041388565,50526.95586105585
950049,MADDPG Seed 42 baseline,-236.8342904662534,0.44,1859.3348298585863,41626.55640182279
950050,MADDPG Seed 42 baseline,-256.9128548461032,0.45,2108.168668618496,51822.566586416426
950051,MADDPG Seed 42 baseline,-259.4504632797904,0.45,2006.4045612770385,45429.21582618821
950052,MADDPG Seed 42 baseline,-196.1208658393799,0.56,1526.0068869709328,34253.48817160845
950053,MADDPG Seed 42 baseline,-264.9627859568101,0.45,1928.245971125218,53536.50403220712
950054,MADDPG Seed 42 baseline,-221.9515830891844,0.5,1784.417880303273,37906.83836314781
950055,MADDPG Seed 42 baseline,-240.07521786922783,0.46,1718.0443639865875,44843.72383354309
950056,MADDPG Seed 42 baseline,-221.43069196108888,0.49,1695.6141112042612,40225.714215110085
950057,MADDPG Seed 42 baseline,-173.6189743780875,0.59,1574.097380836468,37387.37400514152
950058,MADDPG Seed 42 baseline,-274.7041423931266,0.44,2026.9466744360732,55346.21888110112
950059,MADDPG Seed 42 baseline,-196.65700415034647,0.52,1790.8089382246676,39647.62964478388
950060,MADDPG Seed 42 baseline,-200.41870392757127,0.53,1646.0176832583495,37459.49314052503
950061,MADDPG Seed 42 baseline,-211.2516578162862,0.51,1729.2089919960674,43608.072039356266
950062,MADDPG Seed 42 baseline,-191.761395468213,0.53,1525.7139269677032,36618.78621352927
950063,MADDPG Seed 42 baseline,-278.76642992483977,0.41,2137.0230948621997,59579.19035757642
950064,MADDPG Seed 42 baseline,-236.7008647329405,0.47,1688.7338226388936,40086.98857352375
950065,MADDPG Seed 42 baseline,-224.87076064804964,0.47,1575.9752157876478,36116.292318419786
950066,MADDPG Seed 42 baseline,-195.3602126277318,0.51,1613.8951717029731,40458.09198076328
950067,MADDPG Seed 42 baseline,-242.32964171728983,0.47,1867.7971277835304,42532.26230876565
950068,MADDPG Seed 42 baseline,-256.63459508414775,0.43,2301.63203023558,56804.252911603005
950069,MADDPG Seed 42 baseline,-165.38911688982768,0.56,1501.8919795415795,37132.08155579643
950070,MADDPG Seed 42 baseline,-214.8235500992296,0.49,1684.2475398430224,38279.61262635837
950071,MADDPG Seed 42 baseline,-135.7161462163367,0.6,1288.8292796632545,29474.64804905267
950072,MADDPG Seed 42 baseline,-218.48424672191317,0.5,1782.2952716634773,44218.41516764508
950073,MADDPG Seed 42 baseline,-224.10675411512813,0.47,1816.641190892576,37783.35629723813
950074,MADDPG Seed 42 baseline,-152.14313968861265,0.61,1486.7083004961607,34680.54873480735
950075,MADDPG Seed 42 baseline,-176.79116826695804,0.57,1496.812150593905,36521.49946380907
950076,MADDPG Seed 42 baseline,-204.4436345748933,0.5,1453.4072521178584,33513.579626807405
950077,MADDPG Seed 42 baseline,-194.64696428838428,0.52,1601.1140947796912,39432.69382467782
950078,MADDPG Seed 42 baseline,-242.28776495408272,0.46,1770.324994500192,43513.56692595253
950079,MADDPG Seed 42 baseline,-194.5408037728879,0.49,1343.1845285973443,29493.13727283873
950080,MADDPG Seed 42 baseline,-281.8169373618626,0.42,1930.990372804064,53658.50714250349
950081,MADDPG Seed 42 baseline,-226.2015576602685,0.48,1672.2615026780231,42228.58050649157
950082,MADDPG Seed 42 baseline,-142.08608869068777,0.6,1491.7979884954575,34733.55670359436
950083,MADDPG Seed 42 baseline,-241.34572906105703,0.46,1539.1542433093427,36398.24704049094
950084,MADDPG Seed 42 baseline,-178.83807390077288,0.53,1678.2000000129788,41979.67126810404
950085,MADDPG Seed 42 baseline,-186.07371245999897,0.51,1488.2056890960282,35510.426052062794
950086,MADDPG Seed 42 baseline,-179.6637387065859,0.52,1441.5805119067093,35863.66312382803
950087,MADDPG Seed 42 baseline,-199.57578407090463,0.52,1583.772761065403,38172.5716548347
950088,MADDPG Seed 42 baseline,-255.5273837036949,0.44,1698.17737539145,40724.63247978592
950089,MADDPG Seed 42 baseline,-138.314250260951,0.62,1419.344573624885,35801.8117391694
950090,MADDPG Seed 42 baseline,-229.85733592876997,0.46,2071.2491725788386,50835.32187719099
950091,MADDPG Seed 42 baseline,-255.2097414904505,0.42,1695.9319599238609,42148.006132679766
950092,MADDPG Seed 42 baseline,-204.98981371389223,0.51,1592.423618144916,41237.791591185
950093,MADDPG Seed 42 baseline,-224.938888817247,0.5,1736.800079316437,42274.54700133985
950094,MADDPG Seed 42 baseline,-195.42228971885365,0.5,1486.0605795741926,36315.59656360911
950095,MADDPG Seed 42 baseline,-249.96689531965504,0.42,1506.66044596827,35681.98493743657
950096,MADDPG Seed 42 baseline,-261.4170508618675,0.43,1631.5424632536874,30598.715922294545
950097,MADDPG Seed 42 baseline,-250.9528961106357,0.43,2225.46746444078,54684.2408988078
950098,MADDPG Seed 42 baseline,-193.2623490481934,0.54,1566.946842133582,35747.826152463414
950099,MADDPG Seed 42 baseline,-225.3812970678677,0.48,1814.937363681625,40776.90042052953
950000,CA-MADDPG-V2 Seed 42 best,-233.73458063731917,0.46,1520.9366705035893,34474.25649002546
950001,CA-MADDPG-V2 Seed 42 best,-253.3900051611787,0.43,1589.2655910377146,32384.367470418587
950002,CA-MADDPG-V2 Seed 42 best,-188.79308060706015,0.5,1331.694345374501,28347.428860453627
950003,CA-MADDPG-V2 Seed 42 best,-207.0366235655625,0.52,1676.4235102187624,33945.81348402504
950004,CA-MADDPG-V2 Seed 42 best,-212.96573206815344,0.51,1755.0456710059195,42898.56773980511
950005,CA-MADDPG-V2 Seed 42 best,-255.70809003245697,0.46,1793.1994113261303,46688.791526527566
950006,CA-MADDPG-V2 Seed 42 best,-220.88098388329377,0.51,1848.9148336406715,48123.74271150357
950007,CA-MADDPG-V2 Seed 42 best,-131.47224970271364,0.61,1360.6254035301486,31599.963936683926
950008,CA-MADDPG-V2 Seed 42 best,-263.1194344077112,0.42,1942.326737711805,46200.16792384315
950009,CA-MADDPG-V2 Seed 42 best,-185.94408407987157,0.54,1697.5233910169015,41602.98377049739
950010,CA-MADDPG-V2 Seed 42 best,-183.02391124878844,0.56,1508.0647903433264,36256.034296376165
950011,CA-MADDPG-V2 Seed 42 best,-178.61981502224955,0.56,1624.3919177354903,42751.95258186846
950012,CA-MADDPG-V2 Seed 42 best,-245.42448600435796,0.44,1751.631582476584,39233.77582197397
950013,CA-MADDPG-V2 Seed 42 best,-213.13001498358048,0.48,1581.5401638501487,35726.87550991967
950014,CA-MADDPG-V2 Seed 42 best,-143.97259498075874,0.62,1557.7413393705078,35479.80836442846
950015,CA-MADDPG-V2 Seed 42 best,-220.75515923474046,0.51,1682.612198949783,41684.698861984536
950016,CA-MADDPG-V2 Seed 42 best,-240.6559886604422,0.45,1583.4176795737121,32321.580526252765
950017,CA-MADDPG-V2 Seed 42 best,-256.16023566591304,0.43,1989.9766455048718,45794.02017255393
950018,CA-MADDPG-V2 Seed 42 best,-200.71407546104143,0.51,1444.4981607774407,31499.85752659913
950019,CA-MADDPG-V2 Seed 42 best,-207.03874887611354,0.52,1740.8026649165718,42893.90855432269
950020,CA-MADDPG-V2 Seed 42 best,-183.39885833193432,0.51,1309.3121843333613,30140.307256895252
950021,CA-MADDPG-V2 Seed 42 best,-187.32852020416726,0.53,1474.8691807542004,32754.504186017395
950022,CA-MADDPG-V2 Seed 42 best,-187.44704102874132,0.54,1526.0192169331808,30727.40392026735
950023,CA-MADDPG-V2 Seed 42 best,-207.70660384372866,0.49,2060.632202081218,49243.50613245296
950024,CA-MADDPG-V2 Seed 42 best,-194.73684466605906,0.53,1591.663122868681,34027.79107952668
950025,CA-MADDPG-V2 Seed 42 best,-246.58098387434325,0.45,1757.9355304747105,42535.15630636856
950026,CA-MADDPG-V2 Seed 42 best,-260.66446656085475,0.45,1859.309347411497,46794.00473463479
950027,CA-MADDPG-V2 Seed 42 best,-246.57895083312556,0.45,1632.482425889169,33725.42486920819
950028,CA-MADDPG-V2 Seed 42 best,-242.2138616679841,0.45,1876.1491464371431,44239.41653855551
950029,CA-MADDPG-V2 Seed 42 best,-267.5714031727198,0.44,1728.8747815475583,40989.51220574975
950030,CA-MADDPG-V2 Seed 42 best,-222.0887442993585,0.47,1536.355439841733,37850.42342849534
950031,CA-MADDPG-V2 Seed 42 best,-254.53087000561408,0.46,1745.8512196331772,41298.28605751277
950032,CA-MADDPG-V2 Seed 42 best,-250.6622998469185,0.43,1603.0805003612977,32155.98562148184
950033,CA-MADDPG-V2 Seed 42 best,-214.590027431622,0.5,1797.0444867741066,40850.5818380616
950034,CA-MADDPG-V2 Seed 42 best,-229.71682673133796,0.49,1782.0792791659924,45339.925458134116
950035,CA-MADDPG-V2 Seed 42 best,-224.5245071928862,0.49,1733.969315255015,41635.24684351544
950036,CA-MADDPG-V2 Seed 42 best,-227.3334897073801,0.49,1706.7636990928688,39315.8738180488
950037,CA-MADDPG-V2 Seed 42 best,-235.42305804247272,0.46,1800.3320283189782,42783.91975751017
950038,CA-MADDPG-V2 Seed 42 best,-158.19323142530757,0.58,1357.5661311035822,32146.620005843517
950039,CA-MADDPG-V2 Seed 42 best,-188.03899249441386,0.51,1496.7403601267815,32619.73043738033
950040,CA-MADDPG-V2 Seed 42 best,-156.9631523861122,0.57,1518.8586116935066,32295.51296512503
950041,CA-MADDPG-V2 Seed 42 best,-256.21723879174385,0.43,1898.2060242358307,43966.537579117205
950042,CA-MADDPG-V2 Seed 42 best,-213.86321680028232,0.5,1692.1087822007069,39329.11660827722
950043,CA-MADDPG-V2 Seed 42 best,-164.618843844443,0.56,1634.6526502785473,36618.087766309596
950044,CA-MADDPG-V2 Seed 42 best,-179.81330124867435,0.54,1450.3834116298533,33198.857764405424
950045,CA-MADDPG-V2 Seed 42 best,-215.94411884122636,0.49,1631.4060666848254,41888.317657402695
950046,CA-MADDPG-V2 Seed 42 best,-219.6639760325212,0.49,1655.9416170235418,39150.16528511356
950047,CA-MADDPG-V2 Seed 42 best,-239.27454992448025,0.46,1545.1615917085066,29120.8594236993
950048,CA-MADDPG-V2 Seed 42 best,-259.7627177027722,0.45,2050.973481857811,50035.34594819187
950049,CA-MADDPG-V2 Seed 42 best,-242.25644271187025,0.43,1888.1261041004898,41390.94568778073
950050,CA-MADDPG-V2 Seed 42 best,-262.71484080365303,0.44,2150.4986978257257,51449.53188326191
950051,CA-MADDPG-V2 Seed 42 best,-265.5701906705373,0.44,2055.4643563326904,45058.0687049042
950052,CA-MADDPG-V2 Seed 42 best,-201.50842260844743,0.55,1550.1314978085575,34051.52433324602
950053,CA-MADDPG-V2 Seed 42 best,-266.3197717575283,0.45,1954.840166446793,53211.02203924714
950054,CA-MADDPG-V2 Seed 42 best,-227.39033308274162,0.49,1822.7235678996676,37644.980437078906
950055,CA-MADDPG-V2 Seed 42 best,-241.2869474359489,0.46,1737.8111420142432,44590.33901332408
950056,CA-MADDPG-V2 Seed 42 best,-231.63621302085357,0.47,1739.4443956638818,39846.17816500842
950057,CA-MADDPG-V2 Seed 42 best,-178.96684439908245,0.58,1600.3518404551257,37168.577132857376
950058,CA-MADDPG-V2 Seed 42 best,-276.0808255287826,0.44,2056.0042211062437,55004.70437026213
950059,CA-MADDPG-V2 Seed 42 best,-197.8401112284576,0.52,1820.7592802917031,39416.91532180106
950060,CA-MADDPG-V2 Seed 42 best,-201.51807616951203,0.53,1670.319505186388,37253.43702125387
950061,CA-MADDPG-V2 Seed 42 best,-212.5969498984638,0.51,1749.8770011782728,43326.97953884446
950062,CA-MADDPG-V2 Seed 42 best,-197.6145816720376,0.52,1554.1667622002153,36374.597007061595
950063,CA-MADDPG-V2 Seed 42 best,-280.5631938129467,0.41,2177.1794646429953,58972.13779365833
950064,CA-MADDPG-V2 Seed 42 best,-237.91992031054733,0.47,1709.127858813933,39875.18439677572
950065,CA-MADDPG-V2 Seed 42 best,-226.87155733902534,0.47,1607.2510043039624,35899.80494862047
950066,CA-MADDPG-V2 Seed 42 best,-196.9991849281746,0.51,1638.6358459891196,40245.80479791624
950067,CA-MADDPG-V2 Seed 42 best,-251.99977125822736,0.45,1909.7641417233153,42213.373881458916
950068,CA-MADDPG-V2 Seed 42 best,-266.42277207155666,0.41,2361.5229997836122,56363.9595707683
950069,CA-MADDPG-V2 Seed 42 best,-166.68668492050264,0.56,1519.9752264849164,36939.11844417969
950070,CA-MADDPG-V2 Seed 42 best,-216.43503983638294,0.49,1714.6191457103153,38038.69947399641
950071,CA-MADDPG-V2 Seed 42 best,-136.5140682704974,0.6,1302.5193222845585,29335.339959945217
950072,CA-MADDPG-V2 Seed 42 best,-219.5298309785536,0.5,1803.7644530982705,43995.30206217417
950073,CA-MADDPG-V2 Seed 42 best,-225.4039386817683,0.47,1846.0135496961584,37581.735534777574
950074,CA-MADDPG-V2 Seed 42 best,-153.67311051839957,0.61,1517.5619342113653,34415.960331180744
950075,CA-MADDPG-V2 Seed 42 best,-182.3139378774352,0.56,1520.4295225233361,36315.35314515192
950076,CA-MADDPG-V2 Seed 42 best,-206.40710043299035,0.5,1484.479793731913,33293.27465287016
950077,CA-MADDPG-V2 Seed 42 best,-195.83760514567297,0.52,1620.2455688403102,39232.44177457827
950078,CA-MADDPG-V2 Seed 42 best,-252.73774748472164,0.44,1826.7873877927207,43145.99642588454
950079,CA-MADDPG-V2 Seed 42 best,-195.8163894746779,0.49,1360.1347561654422,29332.286873030305
950080,CA-MADDPG-V2 Seed 42 best,-283.3103934693921,0.42,1957.0400232376132,53333.273718647084
950081,CA-MADDPG-V2 Seed 42 best,-232.33938729045005,0.47,1708.4747643040766,41900.46588992915
950082,CA-MADDPG-V2 Seed 42 best,-143.2238314030596,0.6,1514.7254782768866,34558.89204258102
950083,CA-MADDPG-V2 Seed 42 best,-242.87129360191707,0.46,1564.098540090958,36163.26868895913
950084,CA-MADDPG-V2 Seed 42 best,-184.49436510716572,0.52,1724.4959035249176,41651.83571853319
950085,CA-MADDPG-V2 Seed 42 best,-191.95167795099235,0.5,1520.1506047962287,35231.13453340958
950086,CA-MADDPG-V2 Seed 42 best,-185.58393471517206,0.51,1470.0626668715943,35597.372046607175
950087,CA-MADDPG-V2 Seed 42 best,-200.49703495599834,0.52,1602.7668236589059,37973.751579500014
950088,CA-MADDPG-V2 Seed 42 best,-257.5320204948169,0.44,1732.8322636418134,40412.74468771587
950089,CA-MADDPG-V2 Seed 42 best,-143.607085646496,0.61,1441.5523531828146,35603.27186920281
950090,CA-MADDPG-V2 Seed 42 best,-239.51311813894677,0.44,2125.4211345317362,50437.082503356934
950091,CA-MADDPG-V2 Seed 42 best,-256.9820357530515,0.42,1721.3271884732865,41886.249774517215
950092,CA-MADDPG-V2 Seed 42 best,-210.6830984601682,0.5,1617.9977138424458,40978.20561939226
950093,CA-MADDPG-V2 Seed 42 best,-225.90876964579834,0.5,1757.9854147562173,42041.61178180266
950094,CA-MADDPG-V2 Seed 42 best,-196.9306725987103,0.5,1505.0079891487712,36096.417676685654
950095,CA-MADDPG-V2 Seed 42 best,-251.69692563037833,0.42,1532.2528739108297,35461.60955596705
950096,CA-MADDPG-V2 Seed 42 best,-263.0469547177119,0.43,1655.8418080722893,30430.774457161882
950097,CA-MADDPG-V2 Seed 42 best,-256.7015299506603,0.42,2281.8524446190368,54259.98606856376
950098,CA-MADDPG-V2 Seed 42 best,-194.33353112837472,0.54,1589.7861300748004,35551.06670488403
950099,CA-MADDPG-V2 Seed 42 best,-227.2778327422998,0.48,1850.7288466203413,40493.64698848177
