test_seed,reward,success_rate,mean_latency_ms,mean_energy_mJ,training_seed,saved_episode
950000,-232.07552588994835,0.46,1495.7540501844308,34684.82710812998,42,30
950001,-247.5615150781671,0.44,1568.037920216736,32559.805118404565,42,30
950002,-187.5389232807201,0.5,1314.9555888329514,28504.30695591513,42,30
950003,-205.31637304558816,0.52,1644.0817522864425,34162.211455668155,42,30
950004,-211.9734751792743,0.51,1734.3125745725893,43135.420357529685,42,30
950005,-254.50364116395525,0.46,1773.8011856030762,46941.71304722796,42,30
950006,-219.7840986761959,0.51,1828.177604576373,48372.3949165699,42,30
950007,-130.25236523251775,0.61,1344.3566607100884,31762.153498484986,42,30
950008,-261.47530183963596,0.42,1904.4430088182012,46664.53734658582,42,30
950009,-184.88041442493238,0.54,1677.6828078044157,41883.41883249262,42,30
950010,-177.58220023859715,0.57,1484.9336934758537,36461.13736214011,42,30
950011,-177.21617714088916,0.56,1598.7478761077343,42996.53472136003,42,30
950012,-238.94399566845036,0.45,1694.1428077413975,39579.88649570066,42,30
950013,-211.91246172336025,0.48,1562.2633713708074,35896.87828564568,42,30
950014,-142.45449787642428,0.62,1525.969035540439,35768.043160276604,42,30
950015,-219.4401603151388,0.51,1662.7769801107167,41899.78085876438,42,30
950016,-235.04983921830723,0.46,1562.5211430343666,32494.56033678409,42,30
950017,-255.05961868524815,0.43,1965.5508665309922,46043.67457798479,42,30
950018,-198.88533169398036,0.51,1416.7252315258831,31703.844925891237,42,30
950019,-205.69971238546523,0.52,1720.1838017783314,43172.878507976646,42,30
950020,-181.96913406837893,0.51,1293.0367629786117,30315.033845752747,42,30
950021,-186.07446030066853,0.53,1456.249936960916,32938.967279002434,42,30
950022,-181.56919510654356,0.55,1492.8265778679922,30947.048165166107,42,30
950023,-205.86682911154512,0.49,1999.0544549650792,49789.10924821886,42,30
950024,-193.18187121759829,0.53,1562.7852987430074,34244.30415047619,42,30
950025,-240.49912614052172,0.46,1720.1656680051979,42902.62526348216,42,30
950026,-259.41897397296077,0.45,1838.5517134814977,47047.41204160772,42,30
950027,-240.951600594394,0.46,1610.8688499785408,33905.726787206986,42,30
950028,-240.4578303885579,0.45,1844.112728492039,44541.874898471804,42,30
950029,-266.1460220874817,0.44,1704.6107842582662,41207.87359126374,42,30
950030,-216.6751538072268,0.48,1517.432304784301,38057.0273538646,42,30
950031,-249.2063737248076,0.47,1724.8613829300698,41505.2117417098,42,30
950032,-245.0545817719635,0.44,1581.4161891280105,32331.150575879918,42,30
950033,-208.8741199104124,0.51,1757.6146838116538,41151.79846329088,42,30
950034,-227.99095293783301,0.49,1746.4334875708248,45652.002350511495,42,30
950035,-223.20201388935774,0.49,1713.2146562863254,41908.01558680965,42,30
950036,-226.18428963473136,0.49,1685.2517092685562,39533.5302072529,42,30
950037,-225.07573431480432,0.48,1755.4381596852056,43183.32868557427,42,30
950038,-157.37506763423272,0.58,1343.6604492208003,32302.53402695999,42,30
950039,-186.92045073206657,0.51,1479.4206634163597,32778.30862584696,42,30
950040,-155.8214578201003,0.57,1495.740450689829,32456.42635573413,42,30
950041,-254.3467372404149,0.43,1864.7712201212419,44269.85503439283,42,30
950042,-212.83563801213685,0.5,1671.4419541765733,39534.07988537023,42,30
950043,-163.6206065134602,0.56,1610.3550616224518,36801.78210034907,42,30
950044,-173.99867568093347,0.55,1424.1258785056302,33416.11624274201,42,30
950045,-214.35799344255932,0.49,1600.9346222349116,42175.09315069834,42,30
950046,-218.34550417430233,0.49,1636.1307338440959,39409.13475264351,42,30
950047,-237.74913187136355,0.46,1522.8519506399305,29274.514562354376,42,30
950048,-258.2081985194422,0.45,2015.2207041388565,50526.95586105585,42,30
950049,-236.8342904662534,0.44,1859.3348298585865,41626.55640182279,42,30
950050,-256.9128548461032,0.45,2108.1686686184958,51822.566586416426,42,30
950051,-259.4504632797904,0.45,2006.4045612770385,45429.215826188214,42,30
950052,-196.1208658393799,0.56,1526.0068869709328,34253.48817160845,42,30
950053,-264.9627859568101,0.45,1928.245971125218,53536.50403220712,42,30
950054,-221.95158308918442,0.5,1784.417880303273,37906.83836314781,42,30
950055,-240.07521786922783,0.46,1718.0443639865875,44843.72383354309,42,30
950056,-221.43069196108888,0.49,1695.6141112042612,40225.714215110085,42,30
950057,-173.6189743780875,0.59,1574.0973808364681,37387.37400514152,42,30
950058,-274.7041423931266,0.44,2026.9466744360734,55346.218881101115,42,30
950059,-196.65700415034647,0.52,1790.8089382246676,39647.62964478388,42,30
950060,-200.41870392757127,0.53,1646.0176832583495,37459.49314052503,42,30
950061,-211.2516578162862,0.51,1729.2089919960674,43608.072039356266,42,30
950062,-191.761395468213,0.53,1525.7139269677032,36618.78621352927,42,30
950063,-278.76642992483977,0.41,2137.0230948621993,59579.19035757642,42,30
950064,-236.70086473294052,0.47,1688.7338226388936,40086.98857352375,42,30
950065,-224.87076064804964,0.47,1575.9752157876478,36116.292318419786,42,30
950066,-195.3602126277318,0.51,1613.8951717029731,40458.091980763274,42,30
950067,-242.32964171728983,0.47,1867.7971277835306,42532.26230876565,42,30
950068,-256.63459508414775,0.43,2301.63203023558,56804.252911603005,42,30
950069,-165.38911688982768,0.56,1501.8919795415795,37132.08155579643,42,30
950070,-214.8235500992296,0.49,1684.2475398430224,38279.61262635837,42,30
950071,-135.7161462163367,0.6,1288.8292796632543,29474.64804905267,42,30
950072,-218.48424672191314,0.5,1782.2952716634773,44218.41516764508,42,30
950073,-224.10675411512815,0.47,1816.6411908925757,37783.35629723813,42,30
950074,-152.14313968861265,0.61,1486.7083004961607,34680.54873480735,42,30
950075,-176.79116826695804,0.57,1496.812150593905,36521.49946380907,42,30
950076,-204.4436345748933,0.5,1453.4072521178584,33513.579626807405,42,30
950077,-194.64696428838428,0.52,1601.1140947796912,39432.69382467782,42,30
950078,-242.28776495408272,0.46,1770.3249945001921,43513.56692595253,42,30
950079,-194.5408037728879,0.49,1343.1845285973445,29493.137272838732,42,30
950080,-281.8169373618626,0.42,1930.9903728040642,53658.50714250349,42,30
950081,-226.2015576602685,0.48,1672.2615026780231,42228.58050649157,42,30
950082,-142.08608869068775,0.6,1491.7979884954575,34733.55670359436,42,30
950083,-241.34572906105706,0.46,1539.1542433093427,36398.24704049094,42,30
950084,-178.83807390077288,0.53,1678.2000000129788,41979.67126810404,42,30
950085,-186.07371245999897,0.51,1488.2056890960282,35510.426052062794,42,30
950086,-179.6637387065859,0.52,1441.5805119067093,35863.66312382803,42,30
950087,-199.57578407090466,0.52,1583.772761065403,38172.5716548347,42,30
950088,-255.52738370369494,0.44,1698.17737539145,40724.63247978592,42,30
950089,-138.314250260951,0.62,1419.344573624885,35801.811739169396,42,30
950090,-229.85733592876994,0.46,2071.2491725788386,50835.32187719099,42,30
950091,-255.2097414904505,0.42,1695.9319599238609,42148.006132679766,42,30
950092,-204.98981371389223,0.51,1592.423618144916,41237.791591185,42,30
950093,-224.938888817247,0.5,1736.800079316437,42274.54700133985,42,30
950094,-195.42228971885365,0.5,1486.0605795741926,36315.596563609106,42,30
950095,-249.96689531965504,0.42,1506.66044596827,35681.98493743657,42,30
950096,-261.4170508618675,0.43,1631.5424632536874,30598.715922294545,42,30
950097,-250.9528961106357,0.43,2225.4674644407796,54684.240898807795,42,30
950098,-193.2623490481934,0.54,1566.946842133582,35747.826152463414,42,30
950099,-225.38129706786773,0.48,1814.937363681625,40776.90042052953,42,30
950000,-232.08016802767222,0.46,1495.8109092802595,34684.80908683422,43,30
950001,-247.56738154956608,0.44,1568.1007329956092,32559.789328116174,43,30
950002,-187.5432397473381,0.5,1315.0056342069706,28504.29290660806,43,30
950003,-205.32688001776117,0.52,1644.2221461890992,34162.1379103925,43,30
950004,-211.97648535639277,0.51,1734.3669263322395,43135.3997156527,43,30
950005,-254.5077378892891,0.46,1773.8443695225787,46941.69199794139,43,30
950006,-219.78746060534309,0.51,1828.2341330717663,48372.35754032996,43,30
950007,-130.2577072299397,0.61,1344.416708640109,31762.12763339795,43,30
950008,-261.4803685162599,0.42,1904.5240685244548,46664.517237002285,43,30
950009,-184.88470897420316,0.54,1677.7347895160265,41883.40221752631,43,30
950010,-177.58981323804366,0.57,1485.0146802648037,36461.09432394306,43,30
950011,-177.22246543140378,0.56,1598.8209914472845,42996.490163440045,43,30
950012,-238.9552797452081,0.45,1694.26325584464,39579.83746418782,43,30
950013,-211.91701813595995,0.48,1562.3205773474433,35896.85338373222,43,30
950014,-142.46135261890132,0.62,1526.0732366286795,35768.00594328283,43,30
950015,-219.44568853251624,0.51,1662.848006118663,41899.749490212685,43,30
950016,-235.0550717745152,0.46,1562.5799366919828,32494.545705806682,43,30
950017,-255.06332599150565,0.43,1965.616496645983,46043.648609521246,43,30
950018,-198.8927375224908,0.51,1416.8178371695803,31703.81504542153,43,30
950019,-205.7045944188998,0.52,1720.2334308664688,43172.86095116716,43,30
950020,-181.97414405642488,0.51,1293.0830983601143,30315.022529987822,43,30
950021,-186.0787081813067,0.53,1456.3044248463402,32938.95185460865,43,30
950022,-181.57587095624615,0.55,1492.9252011504566,30947.024388966372,43,30
950023,-205.8746830831305,0.49,1999.1581065418254,49789.07602067343,43,30
950024,-193.19071140484718,0.53,1562.9022947650255,34244.24480144415,43,30
950025,-240.50970564302332,0.46,1720.2856681512023,42902.57415053671,43,30
950026,-259.4232073053626,0.45,1838.5975546343734,47047.393236063515,43,30
950027,-240.95702605088803,0.46,1610.9325394266325,33905.709091952296,43,30
950028,-240.46451030011244,0.45,1844.1936617261758,44541.853276364775,43,30
950029,-266.1529645173214,0.44,1704.6972853110417,41207.83763248591,43,30
950030,-216.68123345489533,0.48,1517.5041347994948,38056.989639114414,43,30
950031,-249.21354006023068,0.47,1724.9508062262205,41505.17687507236,43,30
950032,-245.0598578961868,0.44,1581.476498457275,32331.137180892,43,30
950033,-208.88214842234535,0.51,1757.749430015707,41151.74261809853,43,30
950034,-227.99926731973716,0.49,1746.5405105016284,45651.94717279001,43,30
950035,-223.20694746271954,0.49,1713.2662519366233,41907.997524882165,43,30
950036,-226.188254688036,0.49,1685.3057758937648,39533.51110592728,43,30
950037,-225.08620488961748,0.48,1755.5573724764001,43183.28271182978,43,30
950038,-157.3788939071702,0.58,1343.7059767813137,32302.51702552425,43,30
950039,-186.92489068652364,0.51,1479.4793811417885,32778.287832165195,43,30
950040,-155.82571069324914,0.57,1495.802781762888,32456.40319942846,43,30
950041,-254.35336726072538,0.43,1864.8518439359875,44269.83304980377,43,30
950042,-212.83887208901925,0.5,1671.4963878080932,39534.05928287327,43,30
950043,-163.62474947731212,0.56,1610.418306414853,36801.756726379615,43,30
950044,-174.00639114512387,0.55,1424.2265141878174,33416.08073848934,43,30
950045,-214.36704945562053,0.49,1601.0402970838331,42175.040737976844,43,30
950046,-218.35080872399817,0.49,1636.181767790836,39409.11670243007,43,30
950047,-237.7534920201346,0.46,1522.9103629240892,29274.50088222092,43,30
950048,-258.2123245796046,0.45,2015.2843022172362,50526.93965949221,43,30
950049,-236.840574568808,0.44,1859.4453899905225,41626.51690235711,43,30
950050,-256.9230321356831,0.45,2108.3166495467326,51822.495448703114,43,30
950051,-259.4578331073662,0.45,2006.5267702856772,45429.179307261285,43,30
950052,-196.1280551646483,0.56,1526.1009039719054,34253.45081850588,43,30
950053,-264.96967819006244,0.45,1928.3317379128825,53536.454161200934,43,30
950054,-221.95790603281128,0.5,1784.5099941526032,37906.81150252799,43,30
950055,-240.07985920622548,0.46,1718.093139209271,44843.70612696987,43,30
950056,-221.44132787964867,0.49,1695.7375242177375,40225.669992266485,43,30
950057,-173.62601951512792,0.59,1574.1830942743693,37387.33299835147,43,30
950058,-274.7101780129199,0.44,2027.040326461906,55346.16625705083,43,30
950059,-196.66260301898288,0.52,1790.8974753283976,39647.59246325408,43,30
950060,-200.42458164499462,0.53,1646.1112726434358,37459.44667025241,43,30
950061,-211.25651297966968,0.51,1729.258183690397,43608.05399605888,43,30
950062,-191.7691750044728,0.53,1525.8215631626742,36618.74372874964,43,30
950063,-278.77162994059523,0.41,2137.0935283599656,59579.1614006122,43,30
950064,-236.70445918759984,0.47,1688.7848196973935,40086.974535043046,43,30
950065,-224.88091080283775,0.47,1576.0962170839055,36116.24283778246,43,30
950066,-195.36831306789432,0.51,1613.9962790058466,40458.02478763649,43,30
950067,-242.3380365876819,0.47,1867.9486058662087,42532.19784614945,43,30
950068,-256.64443137024307,0.43,2301.7794553232725,56804.19529228613,43,30
950069,-165.39425581168922,0.56,1501.9529914884092,37132.049977021605,43,30
950070,-214.83245209226655,0.49,1684.3620683582494,38279.55830980993,43,30
950071,-135.71970385729304,0.6,1288.87955095139,29474.62814118176,43,30
950072,-218.4878606271283,0.5,1782.3653792012192,44218.38133850663,43,30
950073,-224.1125060936775,0.47,1816.7436075775847,37783.31799082827,43,30
950074,-152.14998860007978,0.61,1486.8141748309106,34680.51085524243,43,30
950075,-176.79867822465354,0.57,1496.8916988854555,36521.459439186285,43,30
950076,-204.45321901437933,0.5,1453.5239174333367,33513.52498684119,43,30
950077,-194.65227146171796,0.52,1601.1845756013947,39432.66050582047,43,30
950078,-242.29935370064473,0.46,1770.4452086983451,43513.51995860641,43,30
950079,-194.54509575051378,0.49,1343.2342880471479,29493.122315315286,43,30
950080,-281.8227285299937,0.42,1931.072834471598,53658.46314177231,43,30
950081,-226.21006856342854,0.48,1672.36058304468,42228.54410572988,43,30
950082,-142.09010355238016,0.6,1491.855094027638,34733.5324233506,43,30
950083,-241.3503514619505,0.46,1539.2139283839433,36398.22833314145,43,30
950084,-178.8476243386393,0.53,1678.3060031206107,41979.624031308536,43,30
950085,-186.08422073503777,0.51,1488.3275760501067,35510.36926264988,43,30
950086,-179.67265337739573,0.52,1441.693395584888,35863.587390965105,43,30
950087,-199.5788200620094,0.52,1583.8255424043773,38172.55015199389,43,30
950088,-255.53447986834632,0.44,1698.2546934359923,40724.60866428868,43,30
950089,-138.3206783109925,0.62,1419.4177419417504,35801.77604638878,43,30
950090,-229.86728094177695,0.46,2071.388115966046,50835.26912615059,43,30
950091,-255.21967660580253,0.42,1696.0477569411978,42147.96087684748,43,30
950092,-204.99951549639775,0.51,1592.5241704347584,41237.74892862561,43,30
950093,-224.94197822907142,0.5,1736.8560714234754,42274.526195764745,43,30
950094,-195.4273240492535,0.5,1486.112800108619,36315.5843795709,43,30
950095,-249.97112851936788,0.42,1506.7161968871812,35681.964101298574,43,30
950096,-261.42228715709587,0.43,1631.6114240664258,30598.700834898,43,30
950097,-250.962191471666,0.43,2225.6174489409086,54684.181659235044,43,30
950098,-193.26816972924186,0.54,1567.0361879456482,35747.78584637525,43,30
950099,-225.39237465337365,0.48,1815.084976932944,40776.84173708397,43,30
950000,-263.0077347656377,0.42,1694.9714026325012,44639.86413575337,44,30
950001,-286.2525117654747,0.38,1754.9501217789273,41899.63968854477,44,30
950002,-200.91306654248874,0.5,1478.6152243357542,36682.66377803275,44,30
950003,-220.919547918163,0.51,1894.4368159613598,44861.89928020047,44,30
950004,-241.19717501100666,0.47,1982.1629915478102,55519.44619611285,44,30
950005,-280.54807005098843,0.43,2046.313517715961,60492.74556319126,44,30
950006,-250.34577614035445,0.47,3356.3904822031955,58962.733376986354,44,30
950007,-160.05659999373785,0.57,1526.8329710991177,40877.14463264971,44,30
950008,-281.4124695943825,0.4,4459.257349092034,54029.41671985954,44,30
950009,-202.7989331673321,0.53,1918.3408157842018,53909.45714844836,44,30
950010,-211.49442670944683,0.52,1762.5242941850595,41643.57800886444,44,30
950011,-216.0070125723659,0.5,2008.615788681974,49511.025253585765,44,30
950012,-266.2127538798795,0.42,1898.7885584971011,49266.15698275775,44,30
950013,-234.77516535619296,0.46,1917.3643031894678,42702.292903665584,44,30
950014,-161.19172298618486,0.6,1790.1197337069814,41204.815601578885,44,30
950015,-234.5131178416598,0.51,1903.5550643119716,53928.01540144878,44,30
950016,-273.552881724457,0.4,1749.0577681472926,41815.782348860266,44,30
950017,-277.92606841239484,0.41,2245.471705858219,59484.59486490355,44,30
950018,-228.6607311300597,0.47,1598.8207441537027,40800.87668107778,44,30
950019,-238.63401048145994,0.48,1968.2522558855635,55569.03329826247,44,30
950020,-203.81534511365953,0.49,1467.1611367631124,39016.86739889457,44,30
950021,-215.1225325408547,0.49,1645.415044851198,42391.80991116862,44,30
950022,-225.4224452154269,0.47,1670.496412662789,39823.61870340245,44,30
950023,-231.84494860731274,0.46,3840.9404256036664,56348.444773227246,44,30
950024,-212.67384418789487,0.51,1759.490848215494,44065.36568517236,44,30
950025,-273.42335773602565,0.41,1974.7292008272602,52541.65469861188,44,30
950026,-285.275425284475,0.42,2111.6498628411723,60625.244559340244,44,30
950027,-279.63099656678503,0.4,1805.520138152582,43632.17277952552,44,30
950028,-282.65299046632816,0.38,2100.005825079151,57328.960208848825,44,30
950029,-298.1522957342375,0.4,2042.9926235225107,55617.05538606932,44,30
950030,-242.96379203857776,0.45,1737.1180046950858,48996.884139303475,44,30
950031,-268.55116958202535,0.46,1971.9047436825663,53550.79410316607,44,30
950032,-278.8865432168163,0.39,1766.993175498124,41604.555870593445,44,30
950033,-230.38275793220816,0.49,1994.0397848039415,52960.22622491138,44,30
950034,-253.55269208051357,0.46,1999.1767478087886,56789.80706733575,44,30
950035,-252.02345005592463,0.46,1953.9842894013243,53939.28892391274,44,30
950036,-263.93223638426855,0.43,1922.794072510889,51107.46912392902,44,30
950037,-263.0175660736541,0.42,1979.9949012484744,53981.36597442864,44,30
950038,-170.47547952977322,0.58,1529.24457862248,41575.31185308143,44,30
950039,-217.44294306938204,0.47,1708.844830417139,42814.28514596066,44,30
950040,-186.08858731086403,0.53,1727.1557540426538,42667.89931125545,44,30
950041,-296.1589896082551,0.36,2119.078936910958,56977.764445857814,44,30
950042,-230.06108605591126,0.49,1898.549828998599,50881.39461152107,44,30
950043,-188.5685230740486,0.53,2089.342784879708,44800.96154265353,44,30
950044,-199.01836001731087,0.52,1616.0864858226334,43006.197653308154,44,30
950045,-242.65387940771478,0.45,1837.5572417392455,52115.91195671605,44,30
950046,-242.76086558067865,0.47,1862.5320076481753,50722.13093611539,44,30
950047,-280.16033995456246,0.39,1690.8507540296698,37668.99186604,44,30
950048,-298.1831762654266,0.39,2305.5395272671162,65036.47116521968,44,30
950049,-272.3060221180493,0.39,2104.0408957935956,53682.97143251316,44,30
950050,-274.1124294615471,0.44,2464.5007692206395,64547.49457257041,44,30
950051,-304.5497548632082,0.37,2267.342810175253,58465.92639108337,44,30
950052,-231.75141912358023,0.5,1733.65550683837,44350.15073992176,44,30
950053,-290.75050102877185,0.42,2247.2968114383852,69156.04621769197,44,30
950054,-253.6643436151079,0.45,2002.0714713183534,48781.67741009504,44,30
950055,-270.56055804065755,0.42,3490.672296058518,53945.06839241217,44,30
950056,-258.49914087740586,0.43,1903.0067177749527,50185.310963537944,44,30
950057,-209.3131688058681,0.53,1847.3378612586375,43357.98259395435,44,30
950058,-304.6921592857896,0.4,2356.359848149519,71485.93990505,44,30
950059,-225.60018742015222,0.48,2020.458340051163,51060.6209538437,44,30
950060,-230.748252333524,0.49,1967.3780136477021,50643.402508397034,44,30
950061,-244.58915726634393,0.47,1979.7833869238152,56129.460311422765,44,30
950062,-216.6344575042717,0.5,1736.0950005151328,47128.84390974192,44,30
950063,-303.4671503128554,0.39,4895.171188186524,74973.26261104296,44,30
950064,-280.135055160971,0.4,3493.525082126414,47562.49430439911,44,30
950065,-249.2555247240203,0.45,1783.4667476326597,46479.461564669255,44,30
950066,-233.04315821845407,0.46,1896.5761850480371,53038.71553394216,44,30
950067,-262.5101540789866,0.45,2112.135551931097,54735.11607378538,44,30
950068,-282.8493485779716,0.4,2732.561765606719,64463.29520056479,44,30
950069,-196.09811095227982,0.52,1715.2625022525992,47790.291213553486,44,30
950070,-235.36739457583317,0.47,1907.2254867741137,44902.17705004995,44,30
950071,-152.42777487955917,0.59,1458.1357876196346,37932.803533044156,44,30
950072,-248.3947782524302,0.46,2036.371119731132,56910.31064577005,44,30
950073,-260.1750541902723,0.42,2038.1652012312793,48719.42758608789,44,30
950074,-167.03768002939216,0.6,1685.9324435500657,44632.66137049375,44,30
950075,-211.14830602005455,0.52,1779.259842624436,41675.76830242182,44,30
950076,-228.33869283691294,0.48,1645.9425349917115,43128.296716764875,44,30
950077,-221.52413273747092,0.49,1827.6968399348311,50751.35090721853,44,30
950078,-277.4244470608718,0.41,1997.112485096022,54376.53414819517,44,30
950079,-208.52608552034314,0.49,1512.5348832611178,37955.90748389043,44,30
950080,-304.521232154735,0.4,2239.460923611823,69069.26821470879,44,30
950081,-248.26016273268183,0.46,1914.9167208327071,54352.25418594908,44,30
950082,-172.74980368474183,0.56,1736.0314738414495,45622.32181396145,44,30
950083,-267.4049153786563,0.43,1748.2308662525372,46845.89236244347,44,30
950084,-208.26749886919657,0.49,1919.444500796999,54029.872598386835,44,30
950085,-216.65019411452278,0.47,1692.2305529720477,45700.594315030736,44,30
950086,-205.41285357675955,0.49,1647.6688781544842,46157.07998325292,44,30
950087,-224.4479557234809,0.49,1803.0781031123206,49129.79212973896,44,30
950088,-278.8474096605308,0.42,2064.3984922653976,56460.115260169616,44,30
950089,-171.67721024491954,0.57,1722.170136954756,40552.67593552113,44,30
950090,-259.5639292740731,0.42,2443.1383435335492,61763.97323740207,44,30
950091,-281.1155348980317,0.4,1989.7370271653626,52368.35086245727,44,30
950092,-235.07514758306044,0.47,1829.436445795246,53077.01067031515,44,30
950093,-257.9757343135267,0.45,1987.0862017913014,54569.54558841323,44,30
950094,-216.98471707103712,0.48,1694.6962981147537,46742.44097404438,44,30
950095,-283.39533465143796,0.38,1711.6262955978414,45923.99491852175,44,30
950096,-302.95560903189534,0.36,1807.117648850659,39371.57528097747,44,30
950097,-271.7562754431431,0.41,2615.769842815795,62215.86747518001,44,30
950098,-222.89768698618445,0.5,1878.362446468633,48447.95234090638,44,30
950099,-237.86248755226256,0.48,2101.6551030205887,53485.619186131946,44,30
