method,selected_uav,resource_level,test_seed,reward,success_rate,mean_latency_ms,mean_energy_mJ
Fixed uav_U3 resource 0.98,uav_U3,0.98,950000,-226.7258526985447,0.47,1478.0295661398363,31040.951229235605
Fixed uav_U3 resource 0.98,uav_U3,0.98,950001,-238.43499682269234,0.46,1554.7732166381165,29141.42719136316
Fixed uav_U3 resource 0.98,uav_U3,0.98,950002,-182.49521557401573,0.51,1302.1627604040607,25510.992010537462
Fixed uav_U3 resource 0.98,uav_U3,0.98,950003,-200.56421175602756,0.53,1630.1415219294151,30575.454815777644
Fixed uav_U3 resource 0.98,uav_U3,0.98,950004,-210.66709822211936,0.51,1709.6566004487343,38601.92330752753
Fixed uav_U3 resource 0.98,uav_U3,0.98,950005,-249.19107675282723,0.47,1744.630065226753,42006.64054369984
Fixed uav_U3 resource 0.98,uav_U3,0.98,950006,-218.17931402269602,0.51,1798.1218292518843,43287.00569704264
Fixed uav_U3 resource 0.98,uav_U3,0.98,950007,-124.93477336854262,0.62,1327.5980009503778,28424.920383907443
Fixed uav_U3 resource 0.98,uav_U3,0.98,950008,-260.4316441293345,0.42,1878.3391744773623,41760.179514634285
Fixed uav_U3 resource 0.98,uav_U3,0.98,950009,-179.67023839378322,0.55,1653.6059807656989,37481.27557664932
Fixed uav_U3 resource 0.98,uav_U3,0.98,950010,-176.28238284337203,0.57,1464.4862657207223,32629.55397784988
Fixed uav_U3 resource 0.98,uav_U3,0.98,950011,-175.8019464129638,0.56,1571.4886678545035,38476.11035794704
Fixed uav_U3 resource 0.98,uav_U3,0.98,950012,-241.63693462150133,0.44,1673.6523678329534,35421.78285739232
Fixed uav_U3 resource 0.98,uav_U3,0.98,950013,-210.42475951354123,0.48,1544.2134777592787,32125.866183809085
Fixed uav_U3 resource 0.98,uav_U3,0.98,950014,-141.5993652729143,0.62,1507.3405137181294,32010.03648862041
Fixed uav_U3 resource 0.98,uav_U3,0.98,950015,-217.70057839003047,0.51,1638.38078823455,37495.944655437284
Fixed uav_U3 resource 0.98,uav_U3,0.98,950016,-225.78685176588942,0.48,1549.2313333070697,29083.0308444688
Fixed uav_U3 resource 0.98,uav_U3,0.98,950017,-253.7940741077829,0.43,1941.5899940986963,41206.032077604614
Fixed uav_U3 resource 0.98,uav_U3,0.98,950018,-197.44486710436948,0.51,1401.5375816761953,28373.570499278183
Fixed uav_U3 resource 0.98,uav_U3,0.98,950019,-200.19873904760135,0.53,1695.1833434030686,38635.184118761885
Fixed uav_U3 resource 0.98,uav_U3,0.98,950020,-168.93846029186682,0.54,1277.2449939801113,27130.017607218273
Fixed uav_U3 resource 0.98,uav_U3,0.98,950021,-181.01772574530625,0.54,1440.1490128201967,29479.04419322262
Fixed uav_U3 resource 0.98,uav_U3,0.98,950022,-184.6738874223604,0.54,1480.2757624600035,27697.87328568204
Fixed uav_U3 resource 0.98,uav_U3,0.98,950023,-200.29981636260516,0.5,1970.5124950377365,44556.18612301534
Fixed uav_U3 resource 0.98,uav_U3,0.98,950024,-188.4449947069797,0.54,1547.0569987583729,30647.715152287954
Fixed uav_U3 resource 0.98,uav_U3,0.98,950025,-239.47055654386108,0.46,1695.5444729148335,38393.398376677294
Fixed uav_U3 resource 0.98,uav_U3,0.98,950026,-258.1713832216925,0.45,1810.5696860491162,42102.147557634285
Fixed uav_U3 resource 0.98,uav_U3,0.98,950027,-231.6641167027757,0.48,1596.596778832548,30345.792215655427
Fixed uav_U3 resource 0.98,uav_U3,0.98,950028,-235.13013397402545,0.46,1819.752401130302,39861.19920052823
Fixed uav_U3 resource 0.98,uav_U3,0.98,950029,-260.8945393808895,0.45,1682.041545548917,36877.56793946194
Fixed uav_U3 resource 0.98,uav_U3,0.98,950030,-211.4719235772525,0.49,1495.4276443484882,34057.09665311453
Fixed uav_U3 resource 0.98,uav_U3,0.98,950031,-247.69750133160065,0.47,1702.301027066048,37143.82864980806
Fixed uav_U3 resource 0.98,uav_U3,0.98,950032,-235.96950261754617,0.46,1568.7490475109673,28937.22135393702
Fixed uav_U3 resource 0.98,uav_U3,0.98,950033,-207.47453026032517,0.51,1736.2104090759237,36828.1843233657
Fixed uav_U3 resource 0.98,uav_U3,0.98,950034,-222.6906940540668,0.5,1718.5062807587005,40853.01900754403
Fixed uav_U3 resource 0.98,uav_U3,0.98,950035,-217.74607539401663,0.5,1689.8449537028669,37503.9651223833
Fixed uav_U3 resource 0.98,uav_U3,0.98,950036,-224.97457439914106,0.49,1664.6289579953989,35379.78620406616
Fixed uav_U3 resource 0.98,uav_U3,0.98,950037,-227.96581064096782,0.47,1731.1612906955543,38645.20494030655
Fixed uav_U3 resource 0.98,uav_U3,0.98,950038,-152.1279128557875,0.59,1326.1234039798742,28908.051062250022
Fixed uav_U3 resource 0.98,uav_U3,0.98,950039,-185.6672782499244,0.51,1464.0205335305445,29335.42768021964
Fixed uav_U3 resource 0.98,uav_U3,0.98,950040,-154.45896746817277,0.57,1481.1348919459022,29047.843155638948
Fixed uav_U3 resource 0.98,uav_U3,0.98,950041,-249.13073020707932,0.44,1841.222282010068,39618.23680610829
Fixed uav_U3 resource 0.98,uav_U3,0.98,950042,-211.56703668507774,0.5,1650.5399633097893,35380.19457553104
Fixed uav_U3 resource 0.98,uav_U3,0.98,950043,-162.42058705659338,0.56,1592.0265943126087,32935.75145879856
Fixed uav_U3 resource 0.98,uav_U3,0.98,950044,-172.67345238020792,0.55,1406.6977088047645,29905.293396284535
Fixed uav_U3 resource 0.98,uav_U3,0.98,950045,-209.31679507981755,0.5,1574.8766423796658,37741.26655065202
Fixed uav_U3 resource 0.98,uav_U3,0.98,950046,-212.9909912967647,0.5,1614.6671202861748,35268.00347314011
Fixed uav_U3 resource 0.98,uav_U3,0.98,950047,-232.6565221550694,0.47,1513.2630609782238,26202.241302404607
Fixed uav_U3 resource 0.98,uav_U3,0.98,950048,-252.54947468206157,0.46,1985.9911773322926,45216.122041519935
Fixed uav_U3 resource 0.98,uav_U3,0.98,950049,-235.48533815834577,0.44,1839.3717808407662,37253.902049417586
Fixed uav_U3 resource 0.98,uav_U3,0.98,950050,-255.67538798826726,0.45,2079.032966535669,46376.10082941229
Fixed uav_U3 resource 0.98,uav_U3,0.98,950051,-262.34459425903606,0.44,1984.1413017098862,40656.87304678609
Fixed uav_U3 resource 0.98,uav_U3,0.98,950052,-195.01715272880472,0.56,1509.5102787761318,30655.645366193392
Fixed uav_U3 resource 0.98,uav_U3,0.98,950053,-263.6231006224095,0.45,1893.0196401732348,47906.88051490373
Fixed uav_U3 resource 0.98,uav_U3,0.98,950054,-216.9641353974048,0.51,1768.1104611484004,33926.28088070981
Fixed uav_U3 resource 0.98,uav_U3,0.98,950055,-234.68619630193103,0.47,1690.6515049772966,40129.384125561715
Fixed uav_U3 resource 0.98,uav_U3,0.98,950056,-224.43791403808356,0.48,1674.247123441132,35999.13327337234
Fixed uav_U3 resource 0.98,uav_U3,0.98,950057,-172.68637310718762,0.59,1554.1991418609866,33459.13211095184
Fixed uav_U3 resource 0.98,uav_U3,0.98,950058,-273.331051782979,0.44,1991.219288984196,49526.716083642335
Fixed uav_U3 resource 0.98,uav_U3,0.98,950059,-195.53658815983948,0.52,1772.2017330484007,35483.18763048953
Fixed uav_U3 resource 0.98,uav_U3,0.98,950060,-195.2993721703481,0.54,1627.4867163734286,33524.08658456487
Fixed uav_U3 resource 0.98,uav_U3,0.98,950061,-205.68452026450373,0.52,1703.7844477989877,39024.5181963752
Fixed uav_U3 resource 0.98,uav_U3,0.98,950062,-190.46660738056258,0.53,1505.894795844248,32771.025577476365
Fixed uav_U3 resource 0.98,uav_U3,0.98,950063,-276.9408709315786,0.41,2097.615876808895,53313.65391006175
Fixed uav_U3 resource 0.98,uav_U3,0.98,950064,-235.30570829371348,0.47,1667.4045240859953,35874.8329503075
Fixed uav_U3 resource 0.98,uav_U3,0.98,950065,-223.13929526124272,0.47,1557.8822796215566,32321.83052963302
Fixed uav_U3 resource 0.98,uav_U3,0.98,950066,-193.7893472044219,0.51,1590.5046931635982,36205.97174290505
Fixed uav_U3 resource 0.98,uav_U3,0.98,950067,-241.2156825109575,0.47,1846.731220276995,38064.12285719126
Fixed uav_U3 resource 0.98,uav_U3,0.98,950068,-251.2374176086143,0.44,2269.4896183687933,50834.010283899384
Fixed uav_U3 resource 0.98,uav_U3,0.98,950069,-159.7745154348821,0.57,1480.8593391394375,33229.67275382377
Fixed uav_U3 resource 0.98,uav_U3,0.98,950070,-209.946646497778,0.5,1665.3627953087541,34258.30346204001
Fixed uav_U3 resource 0.98,uav_U3,0.98,950071,-130.48848727907938,0.61,1274.1275867500576,26378.216803181538
Fixed uav_U3 resource 0.98,uav_U3,0.98,950072,-217.12495485218346,0.5,1757.1176729398703,39571.5461137649
Fixed uav_U3 resource 0.98,uav_U3,0.98,950073,-222.65003405327087,0.47,1801.1830556080715,33816.30128601769
Fixed uav_U3 resource 0.98,uav_U3,0.98,950074,-151.2639373767572,0.61,1468.7999847451306,31036.99999577517
Fixed uav_U3 resource 0.98,uav_U3,0.98,950075,-175.46956373407943,0.57,1476.5277738923046,32683.832168728393
Fixed uav_U3 resource 0.98,uav_U3,0.98,950076,-202.85029416492307,0.5,1436.4450930507842,29992.844383014926
Fixed uav_U3 resource 0.98,uav_U3,0.98,950077,-188.8652431723908,0.53,1578.9053271742234,35288.607490510854
Fixed uav_U3 resource 0.98,uav_U3,0.98,950078,-244.83354749532594,0.45,1745.887680380329,38940.83904832253
Fixed uav_U3 resource 0.98,uav_U3,0.98,950079,-189.41023816671364,0.5,1329.5892439011054,26395.68414053153
Fixed uav_U3 resource 0.98,uav_U3,0.98,950080,-280.2626748986607,0.42,1895.6447547184548,48016.030073293725
Fixed uav_U3 resource 0.98,uav_U3,0.98,950081,-224.77674871415198,0.48,1647.6096124022195,37790.174075677525
Fixed uav_U3 resource 0.98,uav_U3,0.98,950082,-140.59157549876826,0.6,1473.921028166605,31084.45623754411
Fixed uav_U3 resource 0.98,uav_U3,0.98,950083,-236.19345960954502,0.47,1519.9265687857865,32573.994359595163
Fixed uav_U3 resource 0.98,uav_U3,0.98,950084,-173.74640436333112,0.54,1653.999426097582,37567.53704251841
Fixed uav_U3 resource 0.98,uav_U3,0.98,950085,-176.7961610431004,0.53,1469.164063775145,31779.276332083336
Fixed uav_U3 resource 0.98,uav_U3,0.98,950086,-170.5319786916382,0.54,1421.086853766364,32094.594926150854
Fixed uav_U3 resource 0.98,uav_U3,0.98,950087,-198.28513129149482,0.52,1562.9680442232875,34161.37806772539
Fixed uav_U3 resource 0.98,uav_U3,0.98,950088,-254.02750604945703,0.44,1676.1598865748063,36445.63263584446
Fixed uav_U3 resource 0.98,uav_U3,0.98,950089,-137.02553920875275,0.62,1398.4703959455674,32039.166829095433
Fixed uav_U3 resource 0.98,uav_U3,0.98,950090,-224.67073211454735,0.47,2042.723936791188,45492.68268654393
Fixed uav_U3 resource 0.98,uav_U3,0.98,950091,-253.5909847522463,0.42,1671.8633571415724,37718.12205389753
Fixed uav_U3 resource 0.98,uav_U3,0.98,950092,-199.9060121926939,0.52,1567.501760453551,36902.86014885413
Fixed uav_U3 resource 0.98,uav_U3,0.98,950093,-223.6566664676966,0.5,1713.4006477409278,37832.088988467374
Fixed uav_U3 resource 0.98,uav_U3,0.98,950094,-182.44873137649992,0.53,1465.8333744221889,32499.13955728183
Fixed uav_U3 resource 0.98,uav_U3,0.98,950095,-244.15245654744126,0.43,1487.7675880420345,31932.916461974055
Fixed uav_U3 resource 0.98,uav_U3,0.98,950096,-256.488049466801,0.44,1622.3345215289205,27388.025310835634
Fixed uav_U3 resource 0.98,uav_U3,0.98,950097,-245.78222342374934,0.44,2194.724806859091,48936.874921268594
Fixed uav_U3 resource 0.98,uav_U3,0.98,950098,-188.24658613001745,0.55,1549.1870954386313,31992.290088940324
Fixed uav_U3 resource 0.98,uav_U3,0.98,950099,-224.60164471872048,0.48,1795.237396714213,36493.5068132473
Fixed uav_U1 resource 0.98,uav_U1,0.98,950000,-234.3418386372973,0.46,1526.2795451221828,33316.665657018835
Fixed uav_U1 resource 0.98,uav_U1,0.98,950001,-262.4082739511624,0.41,1600.0385617453182,31276.539769007053
Fixed uav_U1 resource 0.98,uav_U1,0.98,950002,-189.73301715568806,0.5,1341.7913125236114,27380.537919090748
Fixed uav_U1 resource 0.98,uav_U1,0.98,950003,-207.52630232488374,0.52,1677.6340794440682,32815.725778265034
Fixed uav_U1 resource 0.98,uav_U1,0.98,950004,-213.9315316862267,0.51,1769.7066026527514,41433.04897733675
Fixed uav_U1 resource 0.98,uav_U1,0.98,950005,-256.9214769762387,0.46,1810.0011063929508,45088.39057207115
Fixed uav_U1 resource 0.98,uav_U1,0.98,950006,-221.9015692431132,0.51,1865.487209076941,46462.63275356731
Fixed uav_U1 resource 0.98,uav_U1,0.98,950007,-132.48143355722655,0.61,1371.7923620793401,30509.08639319818
Fixed uav_U1 resource 0.98,uav_U1,0.98,950008,-263.55134466696734,0.42,1943.3090218260293,44822.91032352396
Fixed uav_U1 resource 0.98,uav_U1,0.98,950009,-187.04066444565234,0.54,1711.921109068826,40230.349163021
Fixed uav_U1 resource 0.98,uav_U1,0.98,950010,-183.83842024233022,0.56,1515.2382887289036,35022.388611072696
Fixed uav_U1 resource 0.98,uav_U1,0.98,950011,-179.38330828270247,0.56,1631.375212982281,41298.919993732015
Fixed uav_U1 resource 0.98,uav_U1,0.98,950012,-245.57490218453148,0.44,1728.7168835621678,38018.654169352936
Fixed uav_U1 resource 0.98,uav_U1,0.98,950013,-218.2366198308724,0.47,1594.1461772712144,34481.001494961194
Fixed uav_U1 resource 0.98,uav_U1,0.98,950014,-144.19786180738632,0.62,1557.111043383362,34356.99782996107
Fixed uav_U1 resource 0.98,uav_U1,0.98,950015,-221.85677372776195,0.51,1696.7110553636187,40246.07824183872
Fixed uav_U1 resource 0.98,uav_U1,0.98,950016,-249.70248352262738,0.43,1594.4092106190917,31213.865884567076
Fixed uav_U1 resource 0.98,uav_U1,0.98,950017,-257.1418467790863,0.43,2005.6640135842854,44227.24664286554
Fixed uav_U1 resource 0.98,uav_U1,0.98,950018,-205.29059127424304,0.5,1445.6377957183938,30453.476195335523
Fixed uav_U1 resource 0.98,uav_U1,0.98,950019,-212.32564054574698,0.51,1755.2894895497475,41468.904532473316
Fixed uav_U1 resource 0.98,uav_U1,0.98,950020,-184.33528945855483,0.51,1319.4251950799912,29119.137946530613
Fixed uav_U1 resource 0.98,uav_U1,0.98,950021,-188.17744366574814,0.53,1485.9692176394517,31639.929454555313
Fixed uav_U1 resource 0.98,uav_U1,0.98,950022,-187.62768669847048,0.54,1523.292249902534,29727.290398227116
Fixed uav_U1 resource 0.98,uav_U1,0.98,950023,-208.08428970382772,0.49,2039.8512780280998,47824.08682234149
Fixed uav_U1 resource 0.98,uav_U1,0.98,950024,-195.2257994559853,0.53,1594.6785794775228,32894.002563802416
Fixed uav_U1 resource 0.98,uav_U1,0.98,950025,-242.88624477160573,0.46,1755.2708238475066,41209.35014080436
Fixed uav_U1 resource 0.98,uav_U1,0.98,950026,-261.85549601194066,0.45,1876.0730792871107,45190.35519360026
Fixed uav_U1 resource 0.98,uav_U1,0.98,950027,-255.6226472474601,0.43,1643.7435858435724,32569.295812874654
Fixed uav_U1 resource 0.98,uav_U1,0.98,950028,-246.91555631748017,0.44,1881.7475477799767,42784.30150063688
Fixed uav_U1 resource 0.98,uav_U1,0.98,950029,-268.53620576550253,0.44,1739.398594201196,39581.86520802078
Fixed uav_U1 resource 0.98,uav_U1,0.98,950030,-223.01156763552837,0.47,1548.400129891191,36554.998675595976
Fixed uav_U1 resource 0.98,uav_U1,0.98,950031,-255.60728343378534,0.46,1760.062383033998,39867.55071223713
Fixed uav_U1 resource 0.98,uav_U1,0.98,950032,-259.64609848979194,0.41,1613.6898731349474,31057.107976447485
Fixed uav_U1 resource 0.98,uav_U1,0.98,950033,-214.97301725605837,0.5,1793.4840806027644,39528.386560634215
Fixed uav_U1 resource 0.98,uav_U1,0.98,950034,-234.1126422073956,0.48,1782.074721676973,43849.84028653778
Fixed uav_U1 resource 0.98,uav_U1,0.98,950035,-229.83818659199602,0.48,1748.1780965554167,40254.29804262227
Fixed uav_U1 resource 0.98,uav_U1,0.98,950036,-228.3711289061992,0.49,1719.6444818609339,37973.88133299353
Fixed uav_U1 resource 0.98,uav_U1,0.98,950037,-231.56647579528627,0.47,1791.263158176619,41479.26309511301
Fixed uav_U1 resource 0.98,uav_U1,0.98,950038,-159.30053084396536,0.58,1371.081973332076,31027.922950753316
Fixed uav_U1 resource 0.98,uav_U1,0.98,950039,-189.18357017737208,0.51,1509.612790695492,31485.68603997077
Fixed uav_U1 resource 0.98,uav_U1,0.98,950040,-162.0417248166617,0.56,1526.2656310421828,31176.73035623411
Fixed uav_U1 resource 0.98,uav_U1,0.98,950041,-264.8226039729531,0.41,1902.8276391161855,42523.240368654515
Fixed uav_U1 resource 0.98,uav_U1,0.98,950042,-214.8317023009963,0.5,1705.552902069983,37974.36898758328
Fixed uav_U1 resource 0.98,uav_U1,0.98,950043,-169.61224065040756,0.55,1643.2193110361195,35350.233619018
Fixed uav_U1 resource 0.98,uav_U1,0.98,950044,-180.1443668744787,0.54,1453.1894421390473,32097.890312943957
Fixed uav_U1 resource 0.98,uav_U1,0.98,950045,-220.35449307039505,0.48,1633.6064994160288,40510.0238940067
Fixed uav_U1 resource 0.98,uav_U1,0.98,950046,-224.984610576899,0.48,1669.5210433154946,37854.17547865903
Fixed uav_U1 resource 0.98,uav_U1,0.98,950047,-248.2332369733571,0.44,1553.930464549305,28121.297201573496
Fixed uav_U1 resource 0.98,uav_U1,0.98,950048,-260.62001708542664,0.45,2056.347530175651,48532.638024914646
Fixed uav_U1 resource 0.98,uav_U1,0.98,950049,-243.15352772659006,0.43,1897.2802167475938,39984.81346263884
Fixed uav_U1 resource 0.98,uav_U1,0.98,950050,-263.2982706350051,0.44,2151.192205635413,49777.37494113449
Fixed uav_U1 resource 0.98,uav_U1,0.98,950051,-265.6697844766557,0.44,2047.3513768221892,43637.38338862658
Fixed uav_U1 resource 0.98,uav_U1,0.98,950052,-202.163567491839,0.55,1557.1496875460937,32902.68454624875
Fixed uav_U1 resource 0.98,uav_U1,0.98,950053,-267.1042936031899,0.45,1967.5976944167542,51422.226519792166
Fixed uav_U1 resource 0.98,uav_U1,0.98,950054,-228.0316385634034,0.49,1820.8343911452941,36412.44932885229
Fixed uav_U1 resource 0.98,uav_U1,0.98,950055,-242.5047155776375,0.46,1753.10637187624,43073.31302653484
Fixed uav_U1 resource 0.98,uav_U1,0.98,950056,-227.82663631090847,0.48,1730.218204312709,38638.70690898018
Fixed uav_U1 resource 0.98,uav_U1,0.98,950057,-179.651434507483,0.58,1606.2216269531327,35912.39853678244
Fixed uav_U1 resource 0.98,uav_U1,0.98,950058,-276.86079040490637,0.44,2068.312709035161,53160.672414522654
Fixed uav_U1 resource 0.98,uav_U1,0.98,950059,-198.6902437617838,0.52,1827.3558883818964,38084.09594046924
Fixed uav_U1 resource 0.98,uav_U1,0.98,950060,-202.40627402531086,0.53,1679.6096844076008,35981.86993163344
Fixed uav_U1 resource 0.98,uav_U1,0.98,950061,-217.90925296838287,0.5,1764.498867142674,41886.86520604624
Fixed uav_U1 resource 0.98,uav_U1,0.98,950062,-197.90223372930686,0.52,1556.8506941987673,35174.00301115787
Fixed uav_U1 resource 0.98,uav_U1,0.98,950063,-281.2157665219038,0.41,2180.6356894044407,57226.037043135686
Fixed uav_U1 resource 0.98,uav_U1,0.98,950064,-239.1431628219246,0.47,1723.197677736438,38505.38096366197
Fixed uav_U1 resource 0.98,uav_U1,0.98,950065,-227.47978409958858,0.47,1608.1377058602613,34691.573455305464
Fixed uav_U1 resource 0.98,uav_U1,0.98,950066,-197.79557647412668,0.51,1646.831545974893,38861.38249089182
Fixed uav_U1 resource 0.98,uav_U1,0.98,950067,-252.37660447434848,0.45,1905.9151084048883,40854.63661887308
Fixed uav_U1 resource 0.98,uav_U1,0.98,950068,-266.9530570722889,0.41,2348.6037991110334,54562.35796844248
Fixed uav_U1 resource 0.98,uav_U1,0.98,950069,-167.7230185179083,0.56,1532.5426912339417,35666.7047657344
Fixed uav_U1 resource 0.98,uav_U1,0.98,950070,-216.98261553145852,0.49,1718.6196658644046,36769.76241613788
Fixed uav_U1 resource 0.98,uav_U1,0.98,950071,-137.56692183982443,0.6,1315.1317828163685,28312.043618154592
Fixed uav_U1 resource 0.98,uav_U1,0.98,950072,-220.4935568819979,0.5,1818.6684854048724,42473.51793650332
Fixed uav_U1 resource 0.98,uav_U1,0.98,950073,-226.39407454307067,0.47,1853.7152978002089,36294.09046675246
Fixed uav_U1 resource 0.98,uav_U1,0.98,950074,-153.9005571651837,0.61,1517.0490555681906,33312.49969432353
Fixed uav_U1 resource 0.98,uav_U1,0.98,950075,-183.13329225819726,0.56,1527.3591722456094,35080.49224578324
Fixed uav_U1 resource 0.98,uav_U1,0.98,950076,-210.88066813592982,0.49,1483.0683486378093,32191.666802862856
Fixed uav_U1 resource 0.98,uav_U1,0.98,950077,-196.9453226440035,0.52,1633.7897271702075,37876.57635043805
Fixed uav_U1 resource 0.98,uav_U1,0.98,950078,-248.96650174973752,0.45,1806.4538165080878,41796.51773409981
Fixed uav_U1 resource 0.98,uav_U1,0.98,950079,-196.7961610165509,0.49,1370.596359877456,28330.24160731409
Fixed uav_U1 resource 0.98,uav_U1,0.98,950080,-284.1595758302853,0.42,1970.3981527464102,51539.39925434863
Fixed uav_U1 resource 0.98,uav_U1,0.98,950081,-232.53502753129231,0.47,1706.3890711212616,40561.89593565999
Fixed uav_U1 resource 0.98,uav_U1,0.98,950082,-148.2709404827981,0.59,1522.2427170880246,33363.423670322394
Fixed uav_U1 resource 0.98,uav_U1,0.98,950083,-243.59711957662645,0.46,1570.5654277072854,34962.32259746417
Fixed uav_U1 resource 0.98,uav_U1,0.98,950084,-184.99745846722107,0.52,1712.4487471282953,40322.86452898655
Fixed uav_U1 resource 0.98,uav_U1,0.98,950085,-192.35458599602177,0.5,1518.5769249355724,34109.44512257949
Fixed uav_U1 resource 0.98,uav_U1,0.98,950086,-185.86037873009715,0.51,1471.000207828586,34448.36373320341
Fixed uav_U1 resource 0.98,uav_U1,0.98,950087,-201.46450433006936,0.52,1616.0945414518328,36666.40241298205
Fixed uav_U1 resource 0.98,uav_U1,0.98,950088,-258.0069661079342,0.44,1732.833921795793,39117.94199515145
Fixed uav_U1 resource 0.98,uav_U1,0.98,950089,-144.38132659298006,0.61,1448.3106319727594,34388.91367329289
Fixed uav_U1 resource 0.98,uav_U1,0.98,950090,-240.0783082502888,0.44,2113.5192688746306,48829.12530207691
Fixed uav_U1 resource 0.98,uav_U1,0.98,950091,-257.89324467559845,0.42,1730.5425735669303,40484.527583624746
Fixed uav_U1 resource 0.98,uav_U1,0.98,950092,-211.31555206735413,0.5,1624.9218427965511,39609.896566871335
Fixed uav_U1 resource 0.98,uav_U1,0.98,950093,-226.8758308196603,0.5,1772.2448691279437,40606.41872998155
Fixed uav_U1 resource 0.98,uav_U1,0.98,950094,-197.77727434725216,0.5,1516.3882626359173,34882.50944250796
Fixed uav_U1 resource 0.98,uav_U1,0.98,950095,-256.3738484606154,0.41,1537.408512036597,34274.2830169718
Fixed uav_U1 resource 0.98,uav_U1,0.98,950096,-272.0163352679508,0.41,1664.8391278048812,29393.598332491867
Fixed uav_U1 resource 0.98,uav_U1,0.98,950097,-257.1554134631184,0.42,2270.884846159888,52526.04480585695
Fixed uav_U1 resource 0.98,uav_U1,0.98,950098,-195.18550412004134,0.54,1598.9251635685919,34337.74307196006
Fixed uav_U1 resource 0.98,uav_U1,0.98,950099,-227.77627475125877,0.48,1851.9765697465957,39168.67376060285
Fixed uav_U2 resource 0.98,uav_U2,0.98,950000,-269.5747236873807,0.41,1729.5110421000304,42881.611825464686
Fixed uav_U2 resource 0.98,uav_U2,0.98,950001,-288.966805957822,0.38,1790.7130435500835,40250.530432817286
Fixed uav_U2 resource 0.98,uav_U2,0.98,950002,-203.37643290544088,0.5,1508.7484115388645,35238.3415496855
Fixed uav_U2 resource 0.98,uav_U2,0.98,950003,-231.1541583066401,0.49,1877.6992536220066,42231.703580402565
Fixed uav_U2 resource 0.98,uav_U2,0.98,950004,-243.31893286612183,0.47,2022.5431066813326,53332.407069316236
Fixed uav_U2 resource 0.98,uav_U2,0.98,950005,-282.58700208777685,0.43,2085.220769766509,58041.13212662633
Fixed uav_U2 resource 0.98,uav_U2,0.98,950006,-252.5510521508103,0.47,2149.0912171347895,59809.94277602846
Fixed uav_U2 resource 0.98,uav_U2,0.98,950007,-162.35741315475448,0.57,1557.9187107911366,39268.94143027963
Fixed uav_U2 resource 0.98,uav_U2,0.98,950008,-287.47815485486535,0.39,2216.830514819654,57695.710599927064
Fixed uav_U2 resource 0.98,uav_U2,0.98,950009,-209.238395517905,0.52,1957.430821050852,51784.83466275534
Fixed uav_U2 resource 0.98,uav_U2,0.98,950010,-217.78418059393152,0.51,1728.932504931424,45079.58920546467
Fixed uav_U2 resource 0.98,uav_U2,0.98,950011,-222.46801318352908,0.49,1883.4713478787771,53163.319845569684
Fixed uav_U2 resource 0.98,uav_U2,0.98,950012,-268.87303316219015,0.42,1960.6300997627463,48933.438154443305
Fixed uav_U2 resource 0.98,uav_U2,0.98,950013,-241.29498908340722,0.45,1804.4701110439419,44379.75848209234
Fixed uav_U2 resource 0.98,uav_U2,0.98,950014,-163.14930836229905,0.6,1766.7069811483298,44221.39410391717
Fixed uav_U2 resource 0.98,uav_U2,0.98,950015,-244.8232809312024,0.49,1942.3141596759563,51805.023805306686
Fixed uav_U2 resource 0.98,uav_U2,0.98,950016,-276.0695057235894,0.4,1784.702253739569,40169.87599663243
Fixed uav_U2 resource 0.98,uav_U2,0.98,950017,-279.243287087211,0.41,2275.4751797374533,56925.56040394825
Fixed uav_U2 resource 0.98,uav_U2,0.98,950018,-230.93414821447968,0.47,1631.3829969061178,39195.426441038326
Fixed uav_U2 resource 0.98,uav_U2,0.98,950019,-241.39584160883058,0.48,2008.3578879972283,53379.166617518844
Fixed uav_U2 resource 0.98,uav_U2,0.98,950020,-210.3020872419086,0.48,1497.0637366923938,37479.511468650504
Fixed uav_U2 resource 0.98,uav_U2,0.98,950021,-217.4881333465385,0.49,1678.9468190493353,40722.240597514596
Fixed uav_U2 resource 0.98,uav_U2,0.98,950022,-231.63032810378058,0.46,1704.5262448723142,38257.04074892308
Fixed uav_U2 resource 0.98,uav_U2,0.98,950023,-238.202944834594,0.45,2331.6987430131294,61559.219483534645
Fixed uav_U2 resource 0.98,uav_U2,0.98,950024,-222.944206025568,0.49,1795.281306643403,42335.26703916387
Fixed uav_U2 resource 0.98,uav_U2,0.98,950025,-275.9101801376879,0.41,2006.7518675831088,53044.931477949016
Fixed uav_U2 resource 0.98,uav_U2,0.98,950026,-287.3272738041857,0.42,2151.8686364570885,58170.24097718374
Fixed uav_U2 resource 0.98,uav_U2,0.98,950027,-282.1695199091258,0.4,1842.3130890584462,41914.79500311059
Fixed uav_U2 resource 0.98,uav_U2,0.98,950028,-285.19172938317445,0.38,2142.7970630956866,55070.242794295984
Fixed uav_U2 resource 0.98,uav_U2,0.98,950029,-303.1379717163567,0.39,1980.9080523361158,50948.158474991156
Fixed uav_U2 resource 0.98,uav_U2,0.98,950030,-249.4060643758435,0.44,1771.4760510104907,47053.805886072594
Fixed uav_U2 resource 0.98,uav_U2,0.98,950031,-278.1966315767589,0.44,2003.3052280325248,51315.491020205205
Fixed uav_U2 resource 0.98,uav_U2,0.98,950032,-281.43048285361436,0.39,1803.0043059079949,39967.103846359605
Fixed uav_U2 resource 0.98,uav_U2,0.98,950033,-232.44446813989566,0.49,2034.6284436631931,50877.46652805098
Fixed uav_U2 resource 0.98,uav_U2,0.98,950034,-259.7899775975801,0.45,2049.7095420049773,56445.62359160341
Fixed uav_U2 resource 0.98,uav_U2,0.98,950035,-258.89502740937905,0.45,1993.7987376966435,51814.08086228348
Fixed uav_U2 resource 0.98,uav_U2,0.98,950036,-265.6895239708078,0.43,1951.3115033604338,48876.991399100785
Fixed uav_U2 resource 0.98,uav_U2,0.98,950037,-265.67941017345277,0.42,2044.3597182623737,53390.95136173622
Fixed uav_U2 resource 0.98,uav_U2,0.98,950038,-176.66350884632618,0.57,1560.3982934690655,39937.84858591654
Fixed uav_U2 resource 0.98,uav_U2,0.98,950039,-219.99678376103668,0.47,1701.640877242655,40523.33215043833
Fixed uav_U2 resource 0.98,uav_U2,0.98,950040,-188.39042987600794,0.53,1716.3836886094232,40124.55634282183
Fixed uav_U2 resource 0.98,uav_U2,0.98,950041,-298.6698893247762,0.36,2162.2597838382294,54733.11462891435
Fixed uav_U2 resource 0.98,uav_U2,0.98,950042,-232.22075191515975,0.49,1937.226244794598,48877.81413891535
Fixed uav_U2 resource 0.98,uav_U2,0.98,950043,-190.7170335287418,0.53,1858.8434882656607,45498.42749243842
Fixed uav_U2 resource 0.98,uav_U2,0.98,950044,-201.29851830685067,0.52,1648.99889325777,41313.48772847538
Fixed uav_U2 resource 0.98,uav_U2,0.98,950045,-248.84359574173538,0.44,1880.8736120702215,52147.243190091336
Fixed uav_U2 resource 0.98,uav_U2,0.98,950046,-249.62686739802405,0.46,1900.4816146467135,48723.98071087625
Fixed uav_U2 resource 0.98,uav_U2,0.98,950047,-282.8322778433116,0.39,1725.3070744140373,36187.19769149495
Fixed uav_U2 resource 0.98,uav_U2,0.98,950048,-300.7128879946483,0.39,2352.5342053255604,62472.10861710003
Fixed uav_U2 resource 0.98,uav_U2,0.98,950049,-278.1829258375426,0.38,2141.1641319548016,51462.972411161434
Fixed uav_U2 resource 0.98,uav_U2,0.98,950050,-276.25006869045035,0.44,2454.9492051433535,64073.08608344511
Fixed uav_U2 resource 0.98,uav_U2,0.98,950051,-310.9434708420917,0.36,2313.527288835435,56164.614672195465
Fixed uav_U2 resource 0.98,uav_U2,0.98,950052,-233.55944427603862,0.5,1757.8198983162763,42347.10844902673
Fixed uav_U2 resource 0.98,uav_U2,0.98,950053,-296.8505305618201,0.41,2281.541893548477,66197.38879097848
Fixed uav_U2 resource 0.98,uav_U2,0.98,950054,-263.87682564729624,0.43,2042.8624647460672,46861.93839148725
Fixed uav_U2 resource 0.98,uav_U2,0.98,950055,-267.9684717452378,0.43,2016.0190390816622,55446.78233393502
Fixed uav_U2 resource 0.98,uav_U2,0.98,950056,-261.048348708781,0.43,1965.9451172946738,49732.96938581835
Fixed uav_U2 resource 0.98,uav_U2,0.98,950057,-211.1123443079143,0.53,1825.310743813844,46223.60162103575
Fixed uav_U2 resource 0.98,uav_U2,0.98,950058,-310.8114598717094,0.39,2392.8494403166533,68434.35962834493
Fixed uav_U2 resource 0.98,uav_U2,0.98,950059,-231.68097092194054,0.47,2059.6303183716896,49015.84454786689
Fixed uav_U2 resource 0.98,uav_U2,0.98,950060,-235.1997267919551,0.48,1899.10300063684,46312.054839786135
Fixed uav_U2 resource 0.98,uav_U2,0.98,950061,-247.39077608575127,0.47,2020.1239841239376,53917.44573057248
Fixed uav_U2 resource 0.98,uav_U2,0.98,950062,-218.90683810083556,0.5,1771.4487194987491,45273.8391708384
Fixed uav_U2 resource 0.98,uav_U2,0.98,950063,-305.98996616507094,0.39,2530.0412549841,73669.95433109392
Fixed uav_U2 resource 0.98,uav_U2,0.98,950064,-282.271221404325,0.4,1958.1209548284728,49561.70253317474
Fixed uav_U2 resource 0.98,uav_U2,0.98,950065,-251.81841580433752,0.45,1819.7684466408589,44651.71973997197
Fixed uav_U2 resource 0.98,uav_U2,0.98,950066,-234.66637713817056,0.46,1883.9763394968502,50022.20039723237
Fixed uav_U2 resource 0.98,uav_U2,0.98,950067,-264.4935239359638,0.45,2155.123861003557,52583.30169903057
Fixed uav_U2 resource 0.98,uav_U2,0.98,950068,-289.1445909527219,0.39,2681.573529359196,70232.76683321141
Fixed uav_U2 resource 0.98,uav_U2,0.98,950069,-198.5219173388641,0.52,1750.1828846982824,45909.67062617595
Fixed uav_U2 resource 0.98,uav_U2,0.98,950070,-245.77440884246846,0.45,1942.9057157411537,47325.55035270987
Fixed uav_U2 resource 0.98,uav_U2,0.98,950071,-158.53307265010537,0.58,1487.8317080299641,36440.016949682504
Fixed uav_U2 resource 0.98,uav_U2,0.98,950072,-250.6823697858218,0.46,2077.8316488271857,54670.647026653794
Fixed uav_U2 resource 0.98,uav_U2,0.98,950073,-262.11773160984285,0.42,2074.992597084686,46708.36845967762
Fixed uav_U2 resource 0.98,uav_U2,0.98,950074,-169.0126115261791,0.6,1720.2620303282688,42876.54202162544
Fixed uav_U2 resource 0.98,uav_U2,0.98,950075,-217.53308112215095,0.51,1741.394719362254,45153.77259676603
Fixed uav_U2 resource 0.98,uav_U2,0.98,950076,-230.88820102991554,0.48,1679.4336782222827,41433.43039868117
Fixed uav_U2 resource 0.98,uav_U2,0.98,950077,-227.81402731408966,0.48,1864.909423144558,48753.93779948187
Fixed uav_U2 resource 0.98,uav_U2,0.98,950078,-280.09428371117576,0.41,2061.482234360864,53799.0758269625
Fixed uav_U2 resource 0.98,uav_U2,0.98,950079,-211.06308074245834,0.49,1543.3593083437709,36461.29182953819
Fixed uav_U2 resource 0.98,uav_U2,0.98,950080,-310.96192327507487,0.39,2285.0597899773657,66348.28112006097
Fixed uav_U2 resource 0.98,uav_U2,0.98,950081,-250.64689413169805,0.46,1953.9185781692847,52211.58138202899
Fixed uav_U2 resource 0.98,uav_U2,0.98,950082,-175.0241855099551,0.56,1725.7652025090229,42942.04087175735
Fixed uav_U2 resource 0.98,uav_U2,0.98,950083,-273.93908263457564,0.42,1783.8540642886085,45000.59008577264
Fixed uav_U2 resource 0.98,uav_U2,0.98,950084,-222.69300678424105,0.46,1958.5172587432637,51903.63547037887
Fixed uav_U2 resource 0.98,uav_U2,0.98,950085,-223.08423464031432,0.46,1726.67292648872,43903.26232916136
Fixed uav_U2 resource 0.98,uav_U2,0.98,950086,-211.8833749416604,0.48,1681.2038202276208,44341.37306990941
Fixed uav_U2 resource 0.98,uav_U2,0.98,950087,-226.49317802773237,0.49,1839.8070542843582,47195.143903438104
Fixed uav_U2 resource 0.98,uav_U2,0.98,950088,-285.43073889772654,0.41,1971.4858596787276,50349.790400296304
Fixed uav_U2 resource 0.98,uav_U2,0.98,950089,-177.86939103910257,0.56,1658.1572411403747,44265.01381901332
Fixed uav_U2 resource 0.98,uav_U2,0.98,950090,-269.954920140397,0.4,2411.4884195458108,62852.34155339924
Fixed uav_U2 resource 0.98,uav_U2,0.98,950091,-285.6895195841281,0.39,1977.599515235612,52111.86217778275
Fixed uav_U2 resource 0.98,uav_U2,0.98,950092,-249.68045870505367,0.44,1866.6768019359597,50987.70048858282
Fixed uav_U2 resource 0.98,uav_U2,0.98,950093,-260.07244051119983,0.45,2020.0089638502322,52267.06145404457
Fixed uav_U2 resource 0.98,uav_U2,0.98,950094,-223.4545689950072,0.47,1729.237842186229,44899.92664534202
Fixed uav_U2 resource 0.98,uav_U2,0.98,950095,-286.11496877041947,0.38,1746.502857961066,44115.168991364175
Fixed uav_U2 resource 0.98,uav_U2,0.98,950096,-305.54159178259084,0.36,1843.9426054947025,37823.13321362204
Fixed uav_U2 resource 0.98,uav_U2,0.98,950097,-273.9074819127757,0.41,2591.4247861950503,67611.48327966106
Fixed uav_U2 resource 0.98,uav_U2,0.98,950098,-227.27264495233052,0.49,1808.3863031956737,44195.799405747646
Fixed uav_U2 resource 0.98,uav_U2,0.98,950099,-240.30005107634796,0.48,2090.884503822325,50412.53035477289
