test_seed,reward,success_rate,mean_latency_ms,mean_energy_mJ,method,saved_episode
950000,-281.67940909654436,0.39,1773.4639557712103,20222.89224202728,CA-MADDPG Seed 42 best,10
950001,-297.22559249442315,0.37,1831.6014331972592,19521.5064472246,CA-MADDPG Seed 42 best,10
950002,-206.25736543255152,0.5,1537.5938557978704,16172.452240468096,CA-MADDPG Seed 42 best,10
950003,-232.15776415798447,0.49,1898.6906206902217,18151.562359219835,CA-MADDPG Seed 42 best,10
950004,-251.5889032043664,0.46,2087.365430027457,26731.48046295877,CA-MADDPG Seed 42 best,10
950005,-289.19906785529463,0.42,2146.1397420088856,27627.403466700776,CA-MADDPG Seed 42 best,10
950006,-258.4716370926967,0.46,2202.752309039012,27504.183809491224,CA-MADDPG Seed 42 best,10
950007,-173.55451108050485,0.55,1593.0240234063024,18649.556168186136,CA-MADDPG Seed 42 best,10
950008,-290.0214820003004,0.39,2265.5697197247773,25082.809614792615,CA-MADDPG Seed 42 best,10
950009,-212.3381289481053,0.52,1998.682520693675,23298.32555700488,CA-MADDPG Seed 42 best,10
950010,-219.19491198827126,0.51,1755.7670877058524,19403.227561545198,CA-MADDPG Seed 42 best,10
950011,-224.12328491872168,0.49,1918.517788702277,22863.10356330903,CA-MADDPG Seed 42 best,10
950012,-274.42055276063286,0.41,1992.2806912869044,20905.625827007007,CA-MADDPG Seed 42 best,10
950013,-247.68412676350766,0.44,1845.9294007608723,21370.144595887727,CA-MADDPG Seed 42 best,10
950014,-164.5475027736212,0.6,1796.166826233569,18861.75474268989,CA-MADDPG Seed 42 best,10
950015,-250.41337832702175,0.48,1976.456997571566,22718.498231127593,CA-MADDPG Seed 42 best,10
950016,-288.50063759244716,0.38,1825.1641795397597,19490.122656392912,CA-MADDPG Seed 42 best,10
950017,-282.1825901045292,0.41,2320.178771910383,25874.69857827172,CA-MADDPG Seed 42 best,10
950018,-236.60565405778374,0.46,1657.7303674603938,16882.31256782927,CA-MADDPG Seed 42 best,10
950019,-248.66396310115098,0.47,2053.8557077375417,24454.3562118985,CA-MADDPG Seed 42 best,10
950020,-213.4569747331307,0.48,1531.1950133186494,16991.512342565296,CA-MADDPG Seed 42 best,10
950021,-219.52497034737422,0.49,1741.6489004052883,22096.45699249587,CA-MADDPG Seed 42 best,10
950022,-237.28228667459283,0.45,1729.3510994394805,16539.649620226628,CA-MADDPG Seed 42 best,10
950023,-245.4165862861803,0.44,2390.9991650730644,27682.754267731445,CA-MADDPG Seed 42 best,10
950024,-228.04316466023687,0.48,1818.2291689459564,18184.777746873107,CA-MADDPG Seed 42 best,10
950025,-277.12986777376267,0.41,2042.97020309214,22680.167119234648,CA-MADDPG Seed 42 best,10
950026,-293.44663874271066,0.41,2207.8669021339183,27259.151189448945,CA-MADDPG Seed 42 best,10
950027,-294.62636529418074,0.38,1883.961996392265,20242.146290471144,CA-MADDPG Seed 42 best,10
950028,-290.864343297013,0.37,2182.402129342048,23418.1270108817,CA-MADDPG Seed 42 best,10
950029,-304.48762032243366,0.39,2011.0330949889594,22063.183808778827,CA-MADDPG Seed 42 best,10
950030,-251.6486223401715,0.44,1811.3023963569142,21701.30499322303,CA-MADDPG Seed 42 best,10
950031,-283.6769064930997,0.43,2034.35776860454,22372.731120864777,CA-MADDPG Seed 42 best,10
950032,-294.2377814154549,0.37,1844.1980542902313,19561.324469351515,CA-MADDPG Seed 42 best,10
950033,-234.02404604005056,0.49,2067.7068788350966,21730.62528406148,CA-MADDPG Seed 42 best,10
950034,-269.4169092717351,0.43,2088.8064386334668,24165.935820993713,CA-MADDPG Seed 42 best,10
950035,-267.247765281609,0.44,2045.19276418094,24774.770438896165,CA-MADDPG Seed 42 best,10
950036,-272.9366170127968,0.42,2003.5407549283036,23895.95684912777,CA-MADDPG Seed 42 best,10
950037,-267.0992563921363,0.42,2081.2067141219486,22796.840605346722,CA-MADDPG Seed 42 best,10
950038,-180.91757405711476,0.57,1609.311145034671,20383.01287640916,CA-MADDPG Seed 42 best,10
950039,-221.77648783655823,0.47,1737.3322710473333,19231.51004982202,CA-MADDPG Seed 42 best,10
950040,-198.63353638161837,0.51,1749.0281099481817,18938.088243108552,CA-MADDPG Seed 42 best,10
950041,-304.63890397735116,0.35,2202.661966772615,23488.40303969468,CA-MADDPG Seed 42 best,10
950042,-235.79191969769067,0.49,1989.7752907492427,23853.763518302203,CA-MADDPG Seed 42 best,10
950043,-196.7131793745004,0.52,1897.7463834782,21524.56496720517,CA-MADDPG Seed 42 best,10
950044,-203.87685842817714,0.52,1705.467344503901,21367.85076570829,CA-MADDPG Seed 42 best,10
950045,-255.07044566564105,0.43,1931.7758119131738,24169.47231983638,CA-MADDPG Seed 42 best,10
950046,-257.4077927456712,0.45,1943.9276339041735,22736.319572820008,CA-MADDPG Seed 42 best,10
950047,-290.6583766450183,0.38,1757.5268579865217,17296.06437688525,CA-MADDPG Seed 42 best,10
950048,-307.87130723186914,0.38,2412.6761865245803,28317.542830318846,CA-MADDPG Seed 42 best,10
950049,-280.2520647594836,0.38,2171.633558531369,22719.38872595166,CA-MADDPG Seed 42 best,10
950050,-277.2743597176425,0.44,2549.155588142991,33949.04619175429,CA-MADDPG Seed 42 best,10
950051,-312.6201557377359,0.36,2354.173627343104,24104.71690361252,CA-MADDPG Seed 42 best,10
950052,-234.65677442067644,0.5,1782.4982835736746,18329.36099989289,CA-MADDPG Seed 42 best,10
950053,-297.973457202368,0.41,2327.434825966289,28425.520309284013,CA-MADDPG Seed 42 best,10
950054,-265.9055962746766,0.43,2085.4672374220654,21708.1938291387,CA-MADDPG Seed 42 best,10
950055,-274.71801965951397,0.42,2065.2350864825553,25398.784787597084,CA-MADDPG Seed 42 best,10
950056,-262.30046758041726,0.43,1999.1571992207046,21233.88532933817,CA-MADDPG Seed 42 best,10
950057,-212.12649513585575,0.53,1852.6989433720373,19862.810915762886,CA-MADDPG Seed 42 best,10
950058,-311.98295921725645,0.39,2439.8869516508644,29377.116472130296,CA-MADDPG Seed 42 best,10
950059,-233.15863893537247,0.47,2086.9316067318646,21339.32327195099,CA-MADDPG Seed 42 best,10
950060,-236.61276439799587,0.48,1925.1572851571316,20055.174022302926,CA-MADDPG Seed 42 best,10
950061,-254.6420001322953,0.46,2065.2441909387935,24592.444267221144,CA-MADDPG Seed 42 best,10
950062,-221.449175331849,0.5,1830.9163292966705,23068.849679137395,CA-MADDPG Seed 42 best,10
950063,-309.2548566745708,0.39,2598.601391954513,32038.114511861433,CA-MADDPG Seed 42 best,10
950064,-297.15537631962184,0.37,2006.0032824919515,23456.194358194312,CA-MADDPG Seed 42 best,10
950065,-257.7414365696786,0.44,1847.4362899123778,19098.169134045194,CA-MADDPG Seed 42 best,10
950066,-236.56978469561167,0.46,1914.3852728778663,21530.608614137716,CA-MADDPG Seed 42 best,10
950067,-265.7940243172384,0.45,2188.9316951985484,22435.959198683893,CA-MADDPG Seed 42 best,10
950068,-290.4578837788552,0.39,2729.6692129648054,29993.491060385128,CA-MADDPG Seed 42 best,10
950069,-213.86658160650003,0.49,1790.4917549551176,21504.083535811184,CA-MADDPG Seed 42 best,10
950070,-251.0351236926144,0.44,1969.7099634789483,20329.416287565196,CA-MADDPG Seed 42 best,10
950071,-163.69015521002567,0.58,1552.0192011673132,21220.971632851637,CA-MADDPG Seed 42 best,10
950072,-257.28463621903245,0.45,2128.567060115086,25756.490664283647,CA-MADDPG Seed 42 best,10
950073,-264.46937458577503,0.42,2100.4444751698866,20674.90235791933,CA-MADDPG Seed 42 best,10
950074,-170.42864870776853,0.6,1748.5669868516404,18293.29094951775,CA-MADDPG Seed 42 best,10
950075,-218.98326111002487,0.51,1768.1420476578146,19433.82819412098,CA-MADDPG Seed 42 best,10
950076,-232.75600120246006,0.48,1706.102055400875,17691.767101855465,CA-MADDPG Seed 42 best,10
950077,-233.34285757321197,0.47,1894.700161592907,21255.57539001865,CA-MADDPG Seed 42 best,10
950078,-281.66618215062863,0.41,2097.954085150756,22986.68766069635,CA-MADDPG Seed 42 best,10
950079,-214.07185079046627,0.49,1573.427805905824,16688.32815923972,CA-MADDPG Seed 42 best,10
950080,-312.22039107119423,0.39,2330.8588329549307,28499.111034051908,CA-MADDPG Seed 42 best,10
950081,-256.62122733783406,0.45,1993.7122176688647,22392.841760100397,CA-MADDPG Seed 42 best,10
950082,-186.17876819151118,0.54,1764.8704322904905,20512.524549792408,CA-MADDPG Seed 42 best,10
950083,-286.76561490564245,0.4,1836.3556039324149,21999.504340254865,CA-MADDPG Seed 42 best,10
950084,-220.20599395098878,0.47,1994.2492841403482,22176.849517043807,CA-MADDPG Seed 42 best,10
950085,-225.0039589803348,0.46,1757.518765392132,18747.93160654386,CA-MADDPG Seed 42 best,10
950086,-213.8721970231609,0.48,1714.8272655932042,19081.957117172657,CA-MADDPG Seed 42 best,10
950087,-234.9486286516915,0.48,1902.0071426985453,24447.607584958732,CA-MADDPG Seed 42 best,10
950088,-287.74302652306613,0.41,2009.9518272378427,21728.871076714644,CA-MADDPG Seed 42 best,10
950089,-179.23106877214747,0.56,1685.3533856874546,19049.00013201044,CA-MADDPG Seed 42 best,10
950090,-267.39547531892566,0.41,2454.2230655000776,26845.533996914946,CA-MADDPG Seed 42 best,10
950091,-288.15468783591473,0.39,2034.7217531671374,25319.009535664958,CA-MADDPG Seed 42 best,10
950092,-247.21470620127002,0.45,1900.702991394211,21867.03820483087,CA-MADDPG Seed 42 best,10
950093,-267.75842372673503,0.44,2074.616678626988,25191.10325120296,CA-MADDPG Seed 42 best,10
950094,-226.54823865441543,0.47,1771.2381191875784,20315.416120055303,CA-MADDPG Seed 42 best,10
950095,-294.4934678149797,0.37,1798.9826119584568,21482.768909463062,CA-MADDPG Seed 42 best,10
950096,-313.3303500087408,0.35,1879.9027961048039,18412.936491843302,CA-MADDPG Seed 42 best,10
950097,-274.9636531153743,0.41,2636.9003258091766,28898.138450420047,CA-MADDPG Seed 42 best,10
950098,-228.5347812286114,0.49,1832.9297488872198,19161.12043409668,CA-MADDPG Seed 42 best,10
950099,-241.40323265364083,0.48,2120.6992824869403,21591.83174583431,CA-MADDPG Seed 42 best,10
950000,-256.3189045413609,0.41,1798.6699577866827,40639.28350776208,CA-MADDPG Seed 42 final,30
950001,-299.6467608327907,0.37,2826.9910810641554,40329.01747999119,CA-MADDPG Seed 42 final,30
950002,-194.1871862165184,0.49,1493.5753865330491,35641.42298530162,CA-MADDPG Seed 42 final,30
950003,-211.6335733905629,0.5,1928.196020801614,48247.87712464958,CA-MADDPG Seed 42 final,30
950004,-269.1243492653875,0.41,2214.717005439795,66330.79133459748,CA-MADDPG Seed 42 final,30
950005,-287.1856904694651,0.4,2103.8291536154625,62995.08440569737,CA-MADDPG Seed 42 final,30
950006,-268.44528303281857,0.44,2655.598143944024,76663.02466620161,CA-MADDPG Seed 42 final,30
950007,-179.88265597918632,0.53,1791.7030517763278,52065.35033795454,CA-MADDPG Seed 42 final,30
950008,-274.0786919360461,0.4,2155.7002150997378,58829.708285601664,CA-MADDPG Seed 42 final,30
950009,-214.85985691715632,0.5,2146.514357341217,64498.65498061213,CA-MADDPG Seed 42 final,30
950010,-241.92135978466715,0.46,2119.0964602208105,59408.683568007036,CA-MADDPG Seed 42 final,30
950011,-221.26290899228428,0.49,1986.6663048386688,62083.6609494632,CA-MADDPG Seed 42 final,30
950012,-249.34284791758503,0.42,2064.409872994238,57910.12591994793,CA-MADDPG Seed 42 final,30
950013,-253.36134642990768,0.43,2221.3214350710828,55779.38320047589,CA-MADDPG Seed 42 final,30
950014,-149.76542548700235,0.6,1852.3882277621951,49723.62641131885,CA-MADDPG Seed 42 final,30
950015,-264.011585602007,0.44,2237.2062171980897,57025.757726458374,CA-MADDPG Seed 42 final,30
950016,-281.39257071767724,0.4,2091.502063612977,40917.648652502365,CA-MADDPG Seed 42 final,30
950017,-302.97022909383776,0.35,2496.3619989652084,68123.7810790579,CA-MADDPG Seed 42 final,30
950018,-227.92144483848168,0.46,2072.36810903008,38185.642898960046,CA-MADDPG Seed 42 final,30
950019,-276.0059009887981,0.42,2891.299863022659,66419.9221255336,CA-MADDPG Seed 42 final,30
950020,-195.15185555150504,0.49,1399.5884723800968,34667.79978336812,CA-MADDPG Seed 42 final,30
950021,-224.2907311776091,0.47,1696.3535754845227,40353.42030175066,CA-MADDPG Seed 42 final,30
950022,-213.39145952920336,0.48,1737.9087380208439,42915.5624899033,CA-MADDPG Seed 42 final,30
950023,-232.77577757065538,0.42,2349.2245917960418,67009.2087946246,CA-MADDPG Seed 42 final,30
950024,-203.55750446239787,0.51,1962.7679210130868,46072.66110989041,CA-MADDPG Seed 42 final,30
950025,-259.0699263798081,0.41,1986.0598954835918,55961.458728464786,CA-MADDPG Seed 42 final,30
950026,-301.7308571425463,0.37,2233.0186896001846,57617.10547699893,CA-MADDPG Seed 42 final,30
950027,-289.3913440371101,0.39,2132.821581184238,44040.79471177893,CA-MADDPG Seed 42 final,30
950028,-268.0362849894939,0.4,2113.2949580799773,57196.014823242724,CA-MADDPG Seed 42 final,30
950029,-300.3095070773913,0.37,2022.5994025101236,56780.75428776582,CA-MADDPG Seed 42 final,30
950030,-250.81518536140857,0.44,2172.1396428075577,53016.02451387859,CA-MADDPG Seed 42 final,30
950031,-300.58918679200633,0.39,2425.4750971585104,61336.928744116456,CA-MADDPG Seed 42 final,30
950032,-286.0450865817791,0.39,2055.2489879947407,39713.43439692652,CA-MADDPG Seed 42 final,30
950033,-203.6908202005658,0.51,2094.775284291511,57882.88363658102,CA-MADDPG Seed 42 final,30
950034,-249.6555755904469,0.44,2195.140718267622,68046.57031991823,CA-MADDPG Seed 42 final,30
950035,-297.23596478845894,0.4,2737.4050825647096,65269.0817470764,CA-MADDPG Seed 42 final,30
950036,-282.0449594589057,0.39,2159.8723756235927,54401.50013109667,CA-MADDPG Seed 42 final,30
950037,-247.68024727582883,0.43,2050.720578449805,57804.27277805467,CA-MADDPG Seed 42 final,30
950038,-178.7436057055866,0.54,1603.6029090460388,44159.05371684557,CA-MADDPG Seed 42 final,30
950039,-250.17769832475946,0.42,2123.0287404824335,48657.6455769799,CA-MADDPG Seed 42 final,30
950040,-213.25719987838488,0.45,2025.9603384761847,46869.476438811726,CA-MADDPG Seed 42 final,30
950041,-283.85161540956994,0.37,2080.913443717552,54475.668682691045,CA-MADDPG Seed 42 final,30
950042,-256.8358629030938,0.42,2099.126707778973,58036.48583983914,CA-MADDPG Seed 42 final,30
950043,-207.53505988935927,0.48,2146.6714437289147,54688.63886071423,CA-MADDPG Seed 42 final,30
950044,-181.41316451868187,0.53,1799.6158423514726,42608.51278456059,CA-MADDPG Seed 42 final,30
950045,-220.4981564935688,0.46,1956.4522208034587,59590.20700571877,CA-MADDPG Seed 42 final,30
950046,-280.16886181168263,0.41,2293.7258732635596,60616.851779009776,CA-MADDPG Seed 42 final,30
950047,-281.58150728741646,0.38,1829.888343382124,37473.724618208864,CA-MADDPG Seed 42 final,30
950048,-279.8408667401936,0.4,2217.35756797336,59880.29477518465,CA-MADDPG Seed 42 final,30
950049,-277.8090679615605,0.41,2906.0844807524995,63947.108149866006,CA-MADDPG Seed 42 final,30
950050,-275.2132337389875,0.41,2618.811367675912,77288.66090821118,CA-MADDPG Seed 42 final,30
950051,-291.4289899516553,0.37,2619.9618305378463,58606.37596831625,CA-MADDPG Seed 42 final,30
950052,-236.00429359698563,0.48,1969.8051194637828,48488.435580679194,CA-MADDPG Seed 42 final,30
950053,-296.11820751292765,0.4,2455.3336283008575,77694.9336675438,CA-MADDPG Seed 42 final,30
950054,-237.49101346304442,0.47,1974.7101187221083,45274.12207761625,CA-MADDPG Seed 42 final,30
950055,-274.1943906640378,0.4,2114.21620568952,62434.55274529243,CA-MADDPG Seed 42 final,30
950056,-239.63410345121736,0.44,1974.3665321981543,54091.337191040664,CA-MADDPG Seed 42 final,30
950057,-221.19292734978148,0.49,3132.8354566465523,54017.137720235725,CA-MADDPG Seed 42 final,30
950058,-305.17117662655824,0.39,2554.834072929221,79420.47547663256,CA-MADDPG Seed 42 final,30
950059,-241.6770847974613,0.44,2213.6505924841795,57994.112838842884,CA-MADDPG Seed 42 final,30
950060,-221.48462332739922,0.49,2018.6244585144807,53173.62694767107,CA-MADDPG Seed 42 final,30
950061,-287.3513950804694,0.4,2916.099688165329,67177.88762187722,CA-MADDPG Seed 42 final,30
950062,-195.47152958917025,0.51,1794.1285007199342,49148.86454514776,CA-MADDPG Seed 42 final,30
950063,-290.8802846515946,0.39,2658.7845276017433,85525.75295714293,CA-MADDPG Seed 42 final,30
950064,-280.99525676975145,0.38,2393.6446652808354,49898.782017620644,CA-MADDPG Seed 42 final,30
950065,-241.53034135840917,0.42,1958.5436479570415,43948.176568963434,CA-MADDPG Seed 42 final,30
950066,-219.28817892193595,0.47,1984.82075806632,57348.151251101765,CA-MADDPG Seed 42 final,30
950067,-245.63439492464195,0.45,2252.781316489813,59920.29421472093,CA-MADDPG Seed 42 final,30
950068,-268.1836403004811,0.4,2856.678479290023,84068.23171804738,CA-MADDPG Seed 42 final,30
950069,-219.46775789898126,0.47,1998.972331448884,60818.18946524017,CA-MADDPG Seed 42 final,30
950070,-221.70817899550175,0.47,2087.6133270540695,50250.23209140796,CA-MADDPG Seed 42 final,30
950071,-172.59614530215393,0.54,1603.178870977227,42490.762777508106,CA-MADDPG Seed 42 final,30
950072,-263.34773054089646,0.44,2610.2525996037157,72591.62160268704,CA-MADDPG Seed 42 final,30
950073,-278.0566295127386,0.38,2349.1451125853,57979.65955735427,CA-MADDPG Seed 42 final,30
950074,-158.61385824033704,0.59,1719.1515630458348,44677.54457366902,CA-MADDPG Seed 42 final,30
950075,-240.1593392389511,0.45,2086.5502477264813,58702.96636191473,CA-MADDPG Seed 42 final,30
950076,-226.45886783187103,0.44,1702.3697260000147,45511.509864010826,CA-MADDPG Seed 42 final,30
950077,-235.1088351947519,0.46,2031.4627678601664,55690.66938081453,CA-MADDPG Seed 42 final,30
950078,-256.6905458273472,0.43,2145.134323688061,62072.000486334946,CA-MADDPG Seed 42 final,30
950079,-201.76142849139163,0.48,1525.4308269435066,36243.11000553695,CA-MADDPG Seed 42 final,30
950080,-294.43641242247065,0.41,2549.081040154123,82348.45871019135,CA-MADDPG Seed 42 final,30
950081,-242.7448335632648,0.44,2245.373041293157,55370.152420934246,CA-MADDPG Seed 42 final,30
950082,-203.46920819393668,0.48,2062.1164456131314,51022.390835285514,CA-MADDPG Seed 42 final,30
950083,-257.86788249639534,0.43,2628.573060952172,41434.44293327748,CA-MADDPG Seed 42 final,30
950084,-199.83493598084348,0.47,1984.2299565323888,56755.15822503822,CA-MADDPG Seed 42 final,30
950085,-190.0999687933689,0.49,1752.9217002971077,48141.26596948771,CA-MADDPG Seed 42 final,30
950086,-189.31697446034036,0.5,1711.7788676476273,44937.990452287675,CA-MADDPG Seed 42 final,30
950087,-248.16427075772148,0.43,2065.6555273624717,61022.787141985704,CA-MADDPG Seed 42 final,30
950088,-272.89486195926014,0.42,2425.860803547648,47042.52719793117,CA-MADDPG Seed 42 final,30
950089,-179.3413514250478,0.53,1813.807330477676,55267.24142985728,CA-MADDPG Seed 42 final,30
950090,-247.01871032660253,0.42,2552.13032848936,74817.73980003054,CA-MADDPG Seed 42 final,30
950091,-271.08126688029176,0.4,2177.27770183331,65491.3489648296,CA-MADDPG Seed 42 final,30
950092,-232.37123282233142,0.45,2009.3732611087576,58828.39191377703,CA-MADDPG Seed 42 final,30
950093,-287.0349077137981,0.39,2224.316860373515,65884.14285379872,CA-MADDPG Seed 42 final,30
950094,-213.60873056254533,0.47,1610.215122930011,40998.7719449409,CA-MADDPG Seed 42 final,30
950095,-277.6285375639355,0.37,2116.8413322631627,42046.95900579372,CA-MADDPG Seed 42 final,30
950096,-298.70412627678513,0.37,2009.4341926181246,40527.40566068547,CA-MADDPG Seed 42 final,30
950097,-263.57066330956025,0.4,2717.0543318941886,78880.24886441766,CA-MADDPG Seed 42 final,30
950098,-212.0978557994311,0.5,1907.8618176633986,49748.909265545466,CA-MADDPG Seed 42 final,30
950099,-239.0325806181945,0.45,2249.6935510461262,60993.09163454086,CA-MADDPG Seed 42 final,30
950000,-232.07552588994835,0.46,1495.7540501844308,34684.82710812998,MADDPG Seed 42 baseline,30
950001,-247.5615150781671,0.44,1568.037920216736,32559.805118404565,MADDPG Seed 42 baseline,30
950002,-187.5389232807201,0.5,1314.9555888329514,28504.30695591513,MADDPG Seed 42 baseline,30
950003,-205.31637304558816,0.52,1644.0817522864425,34162.211455668155,MADDPG Seed 42 baseline,30
950004,-211.9734751792743,0.51,1734.3125745725893,43135.420357529685,MADDPG Seed 42 baseline,30
950005,-254.50364116395525,0.46,1773.8011856030762,46941.71304722796,MADDPG Seed 42 baseline,30
950006,-219.7840986761959,0.51,1828.177604576373,48372.3949165699,MADDPG Seed 42 baseline,30
950007,-130.25236523251775,0.61,1344.3566607100884,31762.153498484982,MADDPG Seed 42 baseline,30
950008,-261.475301839636,0.42,1904.4430088182007,46664.53734658582,MADDPG Seed 42 baseline,30
950009,-184.8804144249324,0.54,1677.6828078044157,41883.41883249262,MADDPG Seed 42 baseline,30
950010,-177.58220023859715,0.57,1484.9336934758535,36461.13736214011,MADDPG Seed 42 baseline,30
950011,-177.21617714088916,0.56,1598.7478761077343,42996.53472136003,MADDPG Seed 42 baseline,30
950012,-238.9439956684504,0.45,1694.1428077413975,39579.88649570066,MADDPG Seed 42 baseline,30
950013,-211.91246172336025,0.48,1562.2633713708074,35896.87828564568,MADDPG Seed 42 baseline,30
950014,-142.45449787642428,0.62,1525.969035540439,35768.043160276604,MADDPG Seed 42 baseline,30
950015,-219.4401603151388,0.51,1662.7769801107167,41899.78085876438,MADDPG Seed 42 baseline,30
950016,-235.04983921830723,0.46,1562.5211430343666,32494.56033678409,MADDPG Seed 42 baseline,30
950017,-255.05961868524813,0.43,1965.550866530992,46043.67457798479,MADDPG Seed 42 baseline,30
950018,-198.8853316939804,0.51,1416.7252315258831,31703.84492589124,MADDPG Seed 42 baseline,30
950019,-205.69971238546523,0.52,1720.1838017783314,43172.878507976646,MADDPG Seed 42 baseline,30
950020,-181.9691340683789,0.51,1293.0367629786117,30315.033845752747,MADDPG Seed 42 baseline,30
950021,-186.07446030066853,0.53,1456.249936960916,32938.967279002434,MADDPG Seed 42 baseline,30
950022,-181.5691951065436,0.55,1492.8265778679922,30947.048165166107,MADDPG Seed 42 baseline,30
950023,-205.86682911154512,0.49,1999.0544549650792,49789.10924821886,MADDPG Seed 42 baseline,30
950024,-193.18187121759829,0.53,1562.7852987430074,34244.30415047619,MADDPG Seed 42 baseline,30
950025,-240.49912614052167,0.46,1720.165668005198,42902.62526348216,MADDPG Seed 42 baseline,30
950026,-259.4189739729608,0.45,1838.5517134814977,47047.41204160772,MADDPG Seed 42 baseline,30
950027,-240.951600594394,0.46,1610.8688499785408,33905.726787206986,MADDPG Seed 42 baseline,30
950028,-240.4578303885579,0.45,1844.112728492039,44541.87489847181,MADDPG Seed 42 baseline,30
950029,-266.1460220874817,0.44,1704.6107842582662,41207.87359126374,MADDPG Seed 42 baseline,30
950030,-216.6751538072268,0.48,1517.432304784301,38057.0273538646,MADDPG Seed 42 baseline,30
950031,-249.2063737248076,0.47,1724.8613829300698,41505.2117417098,MADDPG Seed 42 baseline,30
950032,-245.0545817719635,0.44,1581.4161891280105,32331.15057587992,MADDPG Seed 42 baseline,30
950033,-208.8741199104124,0.51,1757.6146838116538,41151.79846329088,MADDPG Seed 42 baseline,30
950034,-227.990952937833,0.49,1746.4334875708248,45652.002350511495,MADDPG Seed 42 baseline,30
950035,-223.20201388935772,0.49,1713.2146562863254,41908.01558680965,MADDPG Seed 42 baseline,30
950036,-226.18428963473136,0.49,1685.2517092685562,39533.5302072529,MADDPG Seed 42 baseline,30
950037,-225.07573431480432,0.48,1755.4381596852056,43183.32868557427,MADDPG Seed 42 baseline,30
950038,-157.37506763423272,0.58,1343.6604492208005,32302.53402695999,MADDPG Seed 42 baseline,30
950039,-186.92045073206657,0.51,1479.4206634163595,32778.30862584696,MADDPG Seed 42 baseline,30
950040,-155.8214578201003,0.57,1495.740450689829,32456.42635573413,MADDPG Seed 42 baseline,30
950041,-254.3467372404149,0.43,1864.7712201212416,44269.85503439283,MADDPG Seed 42 baseline,30
950042,-212.83563801213683,0.5,1671.4419541765733,39534.07988537023,MADDPG Seed 42 baseline,30
950043,-163.6206065134602,0.56,1610.3550616224518,36801.78210034907,MADDPG Seed 42 baseline,30
950044,-173.99867568093347,0.55,1424.1258785056302,33416.11624274201,MADDPG Seed 42 baseline,30
950045,-214.3579934425593,0.49,1600.9346222349116,42175.09315069834,MADDPG Seed 42 baseline,30
950046,-218.34550417430236,0.49,1636.130733844096,39409.13475264351,MADDPG Seed 42 baseline,30
950047,-237.74913187136357,0.46,1522.8519506399305,29274.514562354376,MADDPG Seed 42 baseline,30
950048,-258.2081985194422,0.45,2015.2207041388565,50526.95586105585,MADDPG Seed 42 baseline,30
950049,-236.8342904662534,0.44,1859.3348298585863,41626.55640182279,MADDPG Seed 42 baseline,30
950050,-256.9128548461032,0.45,2108.168668618496,51822.566586416426,MADDPG Seed 42 baseline,30
950051,-259.4504632797904,0.45,2006.4045612770385,45429.21582618821,MADDPG Seed 42 baseline,30
950052,-196.1208658393799,0.56,1526.0068869709328,34253.48817160845,MADDPG Seed 42 baseline,30
950053,-264.9627859568101,0.45,1928.245971125218,53536.50403220712,MADDPG Seed 42 baseline,30
950054,-221.9515830891844,0.5,1784.417880303273,37906.83836314781,MADDPG Seed 42 baseline,30
950055,-240.07521786922783,0.46,1718.0443639865875,44843.72383354309,MADDPG Seed 42 baseline,30
950056,-221.43069196108888,0.49,1695.6141112042612,40225.714215110085,MADDPG Seed 42 baseline,30
950057,-173.6189743780875,0.59,1574.097380836468,37387.37400514152,MADDPG Seed 42 baseline,30
950058,-274.7041423931266,0.44,2026.9466744360732,55346.21888110112,MADDPG Seed 42 baseline,30
950059,-196.65700415034647,0.52,1790.8089382246676,39647.62964478388,MADDPG Seed 42 baseline,30
950060,-200.41870392757127,0.53,1646.0176832583495,37459.49314052503,MADDPG Seed 42 baseline,30
950061,-211.2516578162862,0.51,1729.2089919960674,43608.072039356266,MADDPG Seed 42 baseline,30
950062,-191.761395468213,0.53,1525.7139269677032,36618.78621352927,MADDPG Seed 42 baseline,30
950063,-278.76642992483977,0.41,2137.0230948621997,59579.19035757642,MADDPG Seed 42 baseline,30
950064,-236.7008647329405,0.47,1688.7338226388936,40086.98857352375,MADDPG Seed 42 baseline,30
950065,-224.87076064804964,0.47,1575.9752157876478,36116.292318419786,MADDPG Seed 42 baseline,30
950066,-195.3602126277318,0.51,1613.8951717029731,40458.09198076328,MADDPG Seed 42 baseline,30
950067,-242.32964171728983,0.47,1867.7971277835304,42532.26230876565,MADDPG Seed 42 baseline,30
950068,-256.63459508414775,0.43,2301.63203023558,56804.252911603005,MADDPG Seed 42 baseline,30
950069,-165.38911688982768,0.56,1501.8919795415795,37132.08155579643,MADDPG Seed 42 baseline,30
950070,-214.8235500992296,0.49,1684.2475398430224,38279.61262635837,MADDPG Seed 42 baseline,30
950071,-135.7161462163367,0.6,1288.8292796632545,29474.64804905267,MADDPG Seed 42 baseline,30
950072,-218.48424672191317,0.5,1782.2952716634773,44218.41516764508,MADDPG Seed 42 baseline,30
950073,-224.10675411512813,0.47,1816.641190892576,37783.35629723813,MADDPG Seed 42 baseline,30
950074,-152.14313968861265,0.61,1486.7083004961607,34680.54873480735,MADDPG Seed 42 baseline,30
950075,-176.79116826695804,0.57,1496.812150593905,36521.49946380907,MADDPG Seed 42 baseline,30
950076,-204.4436345748933,0.5,1453.4072521178584,33513.579626807405,MADDPG Seed 42 baseline,30
950077,-194.64696428838428,0.52,1601.1140947796912,39432.69382467782,MADDPG Seed 42 baseline,30
950078,-242.28776495408272,0.46,1770.324994500192,43513.56692595253,MADDPG Seed 42 baseline,30
950079,-194.5408037728879,0.49,1343.1845285973443,29493.13727283873,MADDPG Seed 42 baseline,30
950080,-281.8169373618626,0.42,1930.990372804064,53658.50714250349,MADDPG Seed 42 baseline,30
950081,-226.2015576602685,0.48,1672.2615026780231,42228.58050649157,MADDPG Seed 42 baseline,30
950082,-142.08608869068777,0.6,1491.7979884954575,34733.55670359436,MADDPG Seed 42 baseline,30
950083,-241.34572906105703,0.46,1539.1542433093427,36398.24704049094,MADDPG Seed 42 baseline,30
950084,-178.83807390077288,0.53,1678.2000000129788,41979.67126810404,MADDPG Seed 42 baseline,30
950085,-186.07371245999897,0.51,1488.2056890960282,35510.426052062794,MADDPG Seed 42 baseline,30
950086,-179.6637387065859,0.52,1441.5805119067093,35863.66312382803,MADDPG Seed 42 baseline,30
950087,-199.57578407090463,0.52,1583.772761065403,38172.5716548347,MADDPG Seed 42 baseline,30
950088,-255.5273837036949,0.44,1698.17737539145,40724.63247978592,MADDPG Seed 42 baseline,30
950089,-138.314250260951,0.62,1419.344573624885,35801.8117391694,MADDPG Seed 42 baseline,30
950090,-229.85733592876997,0.46,2071.2491725788386,50835.32187719099,MADDPG Seed 42 baseline,30
950091,-255.2097414904505,0.42,1695.9319599238609,42148.006132679766,MADDPG Seed 42 baseline,30
950092,-204.98981371389223,0.51,1592.423618144916,41237.791591185,MADDPG Seed 42 baseline,30
950093,-224.938888817247,0.5,1736.800079316437,42274.54700133985,MADDPG Seed 42 baseline,30
950094,-195.42228971885365,0.5,1486.0605795741926,36315.59656360911,MADDPG Seed 42 baseline,30
950095,-249.96689531965504,0.42,1506.66044596827,35681.98493743657,MADDPG Seed 42 baseline,30
950096,-261.4170508618675,0.43,1631.5424632536874,30598.715922294545,MADDPG Seed 42 baseline,30
950097,-250.9528961106357,0.43,2225.46746444078,54684.2408988078,MADDPG Seed 42 baseline,30
950098,-193.2623490481934,0.54,1566.946842133582,35747.826152463414,MADDPG Seed 42 baseline,30
950099,-225.3812970678677,0.48,1814.937363681625,40776.90042052953,MADDPG Seed 42 baseline,30
