test_seed,selected_uav,resource_level,reward,success_rate,mean_latency_ms,mean_energy_mJ
950000,uav_U1,0.75,-304.09950728250817,0.37,1994.3386444416146,19579.00080077326
950001,uav_U1,0.75,-334.258845381683,0.32,2090.7170947049667,18393.245158401845
950002,uav_U1,0.75,-237.40210157429507,0.46,1753.2740158210363,16097.885670030904
950003,uav_U1,0.75,-268.1510966348516,0.44,2192.108573138023,19297.520513911415
950004,uav_U1,0.75,-282.5899032950148,0.41,2312.4166724722286,24338.029144488286
950005,uav_U1,0.75,-307.04990180695637,0.41,2365.068158384164,26476.21332224246
950006,uav_U1,0.75,-291.570728811859,0.41,2437.5700006356624,27283.719299575514
950007,uav_U1,0.75,-203.78087942410068,0.51,1792.4753880034891,17926.728472172857
950008,uav_U1,0.75,-312.19786558732284,0.37,2539.2571712735826,26329.527072869576
950009,uav_U1,0.75,-243.6024878636065,0.48,2236.910292719672,23630.21240497406
950010,uav_U1,0.75,-245.9997346145592,0.48,1979.9114024736034,20574.99436528613
950011,uav_U1,0.75,-258.66364151112776,0.44,2131.663653118198,24250.318518696076
950012,uav_U1,0.75,-301.3585663635002,0.39,2258.85677181811,22342.3529875722
950013,uav_U1,0.75,-280.3694729927935,0.4,2083.01771217562,20264.392407609175
950014,uav_U1,0.75,-189.9275896630965,0.57,2034.6251362869746,20188.415682068913
950015,uav_U1,0.75,-284.5164352840831,0.43,2217.0358221580555,23639.594569428547
950016,uav_U1,0.75,-323.0703053925196,0.33,2083.361409090203,18356.382601127607
950017,uav_U1,0.75,-328.3832474585846,0.33,2620.7343620901393,25988.182162688714
950018,uav_U1,0.75,-276.6178068607438,0.4,1888.9667565031716,17898.905669157968
950019,uav_U1,0.75,-278.1700594048853,0.44,2293.578310984323,24357.572289032207
950020,uav_U1,0.75,-241.5197834353525,0.45,1724.0489551259066,17111.004181714714
950021,uav_U1,0.75,-246.8245047586881,0.46,1941.666482172368,18596.793267513982
950022,uav_U1,0.75,-276.8884670935776,0.39,1990.4352452786366,17481.462780713508
950023,uav_U1,0.75,-287.751599204976,0.37,2665.405721832818,28091.41074406818
950024,uav_U1,0.75,-255.89719338324662,0.45,2083.713384405403,19336.473468352386
950025,uav_U1,0.75,-310.80164692764805,0.37,2293.5539211329206,24205.45400432169
950026,uav_U1,0.75,-320.27042019457923,0.38,2451.4022046461637,26541.46586677289
950027,uav_U1,0.75,-329.1068290453654,0.33,2147.8249939714956,19152.02824459725
950028,uav_U1,0.75,-329.5629786127599,0.32,2458.816843621151,25135.493616151758
950029,uav_U1,0.75,-330.96919279567925,0.37,2272.814207324757,23254.174469983023
950000,uav_U2,0.75,-353.61011390443116,0.29,2259.89447232778,25181.125346619814
950001,uav_U2,0.75,-358.2319382945827,0.3,2339.8650891122975,23649.25099892651
950002,uav_U2,0.75,-268.0359953741989,0.42,1971.4312961135718,20700.148165799234
950003,uav_U2,0.75,-295.50455634906376,0.4,2453.527072485116,24812.395211592353
950004,uav_U2,0.75,-303.2348936760076,0.4,2642.789710832872,31307.403380942982
950005,uav_U2,0.75,-340.03154843397573,0.36,2724.6885255248117,34062.54728394582
950006,uav_U2,0.75,-306.6382330908406,0.41,2808.1459117103404,35101.149407953155
950007,uav_U2,0.75,-229.96144317679614,0.48,2035.680488387007,23057.316671294222
950008,uav_U2,0.75,-329.2425483275338,0.36,2896.6585957412644,33869.040050716016
950009,uav_U2,0.75,-270.3830308551955,0.45,2557.7096559531537,30397.59720182828
950010,uav_U2,0.75,-276.55411992749805,0.44,2259.138517079421,26465.429278032632
950011,uav_U2,0.75,-295.1573851387635,0.39,2461.0692757940888,31199.218134734823
950012,uav_U2,0.75,-335.8826946273414,0.34,2561.890046884724,28735.068493783456
950013,uav_U2,0.75,-322.00332088586157,0.34,2357.8409909874654,26062.02767761243
950014,uav_U2,0.75,-230.1001043135368,0.5,2308.4971669635,25965.926284938338
950015,uav_U2,0.75,-319.3372121487914,0.38,2537.9572180388527,30409.59143331503
950016,uav_U2,0.75,-347.44377567310033,0.31,2332.0109902736954,23601.857415396353
950017,uav_U2,0.75,-348.2756878939957,0.32,2973.2876260585986,33425.4992809205
950018,uav_U2,0.75,-290.4556144708788,0.4,2131.673824112209,23019.00710125879
950019,uav_U2,0.75,-310.01441400872136,0.4,2624.2543580582264,31333.332982968757
950020,uav_U2,0.75,-281.6765397616136,0.39,1956.1633206836937,22007.61873540239
950021,uav_U2,0.75,-261.77082841798546,0.46,2193.8238862556236,23916.241799068284
950022,uav_U2,0.75,-298.55955709151783,0.37,2227.2476699815015,22477.279953598616
950023,uav_U2,0.75,-308.32776848985674,0.36,3046.7530835019875,36135.98623813181
950024,uav_U2,0.75,-283.84355208065284,0.41,2345.8342863370776,24866.158426269023
950025,uav_U2,0.75,-348.7984115122294,0.31,2622.1558246762684,31137.47462637082
950026,uav_U2,0.75,-352.9989228899747,0.33,2811.775073028777,34143.69793428342
950027,uav_U2,0.75,-353.1685210676576,0.31,2407.289149888814,24625.624245321233
950028,uav_U2,0.75,-356.8339394894633,0.29,2799.9215502725124,32331.28700854495
950029,uav_U2,0.75,-365.8969196220306,0.32,2588.3865720962885,29911.33617696677
950000,uav_U3,0.75,-295.82531836240946,0.38,1931.2920040109557,18246.138674044145
950001,uav_U3,0.75,-318.38143886635453,0.35,2031.5703759470669,17142.732313276578
950002,uav_U3,0.75,-225.79525704397753,0.48,1701.4927067103508,15002.913071878369
950003,uav_U3,0.75,-265.0916617499184,0.44,2130.051630111078,17985.41767811709
950004,uav_U3,0.75,-278.47665313675833,0.41,2233.951334731829,22679.86659267773
950005,uav_U3,0.75,-299.7856722823515,0.42,2279.6499962645275,24671.262031358467
950006,uav_U3,0.75,-283.6623682329221,0.42,2349.545902617731,25423.784934364343
950007,uav_U3,0.75,-195.96064052281758,0.52,1734.7280883377234,16706.05368238323
950008,uav_U3,0.75,-304.9456836086703,0.38,2454.363235752389,24535.714689385495
950009,uav_U3,0.75,-239.45424695399365,0.48,2160.7118569205545,22020.10628661921
950010,uav_U3,0.75,-242.4560746109198,0.48,1913.5954244522218,19173.534742856355
950011,uav_U3,0.75,-242.645651075746,0.47,2053.4118992949084,22597.025590628713
950012,uav_U3,0.75,-293.365479739013,0.4,2186.9058031982395,20821.39240453515
950013,uav_U3,0.75,-267.95191732351606,0.42,2017.772316876837,18885.01442854271
950014,uav_U3,0.75,-186.89766826971714,0.57,1969.5916429253398,18813.824197288144
950015,uav_U3,0.75,-280.7308611218763,0.43,2140.817604959323,22028.868487007934
950016,uav_U3,0.75,-307.03872095298146,0.36,2024.3289815868948,17108.37473485193
950017,uav_U3,0.75,-324.3856625450449,0.33,2537.010974999484,24218.686919810156
950018,uav_U3,0.75,-269.0511595409707,0.41,1831.3424756998388,16680.726374366048
950019,uav_U3,0.75,-269.56793040872185,0.45,2215.039611824085,22697.889690631175
950020,uav_U3,0.75,-233.52529444686638,0.46,1668.9334912826992,15945.996714858124
950021,uav_U3,0.75,-243.04813389223156,0.46,1881.7947467099405,17331.18501157028
950022,uav_U3,0.75,-269.493834228748,0.4,1934.22703392643,16292.855242841177
950023,uav_U3,0.75,-275.5561503376565,0.39,2574.8030436287004,26177.431184619345
950024,uav_U3,0.75,-252.69670738357055,0.45,2021.487851054635,18020.84672215937
950025,uav_U3,0.75,-303.42981085190723,0.38,2215.5114877286414,22556.17864317618
950026,uav_U3,0.75,-313.0666683401734,0.39,2365.81110248268,24732.732883777713
950027,uav_U3,0.75,-313.14908495282214,0.36,2086.2198316114186,17849.745070732508
950028,uav_U3,0.75,-321.6521097708105,0.33,2377.8098504222908,23423.461428991654
950029,uav_U3,0.75,-327.1598446449517,0.37,2197.86766229378,21670.294263108473
950000,uav_U4,0.75,-396.9359845318438,0.27,2874.503409355157,38144.312782500805
950001,uav_U4,0.75,-425.9701932259953,0.21,2916.5032830928562,35811.52808721909
950002,uav_U4,0.75,-309.88318034310976,0.39,2476.3506915713547,31349.679140284257
950003,uav_U4,0.75,-361.15608571158623,0.3,3058.5670415889927,37573.68915275806
950004,uav_U4,0.75,-367.19098412242124,0.32,3407.3865379515205,47434.372312200685
950005,uav_U4,0.75,-393.6945582627874,0.29,3556.9680531128524,51617.14580704996
950006,uav_U4,0.75,-362.28649105419396,0.34,3665.776860194337,53190.498672741094
950007,uav_U4,0.75,-298.1586367595958,0.38,2598.5541435684054,34929.37897158081
950008,uav_U4,0.75,-367.85178012349286,0.33,3723.800268977118,51315.295204715134
950009,uav_U4,0.75,-340.7165226098018,0.35,3300.143617792772,46057.166275042255
950010,uav_U4,0.75,-324.27185322177377,0.39,2905.367794223543,40095.75810992325
950011,uav_U4,0.75,-343.9459534504907,0.35,3223.4128832874408,47278.80775086017
950012,uav_U4,0.75,-393.7500964859758,0.27,3263.231827463915,43527.664888955
950013,uav_U4,0.75,-376.9323661477844,0.28,2993.900039153176,39477.622631082355
950014,uav_U4,0.75,-294.62455716678824,0.4,2942.342317926621,39334.95182341784
950015,uav_U4,0.75,-367.792916083853,0.33,3280.6817296001495,46075.20609488063
950016,uav_U4,0.75,-406.8446568632677,0.24,2907.492078536341,35739.76544627484
950017,uav_U4,0.75,-396.01158111741853,0.28,3789.225838049523,50635.27787499459
950018,uav_U4,0.75,-338.6607041876287,0.35,2693.3990392238247,34866.803682773374
950019,uav_U4,0.75,-364.57215615354755,0.33,3389.5512197113253,47475.07952211335
950020,uav_U4,0.75,-338.0609179332136,0.33,2493.3671953167086,33338.2715028606
950021,uav_U4,0.75,-321.6386131932742,0.38,2777.417825541839,36225.322868819305
950022,uav_U4,0.75,-348.18404150300324,0.32,2775.3448337989953,34037.487331085686
950023,uav_U4,0.75,-385.6934502914859,0.25,3929.2949472013324,54750.94243082343
950024,uav_U4,0.75,-346.8670465723912,0.32,2952.498297416659,37661.72275645764
950025,uav_U4,0.75,-402.0894727891846,0.25,3382.655623622501,47178.008141586724
950026,uav_U4,0.75,-402.07638371747134,0.27,3645.8012529121597,51735.085013727265
950027,uav_U4,0.75,-411.847655950309,0.24,3007.795160733774,37291.398994528485
950028,uav_U4,0.75,-407.94425899291497,0.24,3589.3614807280474,48982.18483759448
950029,uav_U4,0.75,-406.32316398728835,0.29,3318.732688910384,45315.85291537157
950000,uav_U5,0.75,-394.78742695924706,0.27,2833.9055176352185,37289.800956329156
950001,uav_U5,0.75,-424.1892006078626,0.21,2878.410754990585,35009.81067448162
950002,uav_U5,0.75,-308.00058827293356,0.39,2442.990687321652,30647.6787661483
950003,uav_U5,0.75,-355.46783166071015,0.31,3018.5965923063754,36732.485353331664
950004,uav_U5,0.75,-365.3320134376189,0.32,3356.900031067647,46371.31127522231
950005,uav_U5,0.75,-380.15496649497805,0.32,3502.0164476948935,50459.97852223137
950006,uav_U5,0.75,-356.61871287986884,0.35,3609.153747144498,51998.08180903846
950007,uav_U5,0.75,-296.4941536661711,0.38,2561.377998600618,34146.7929177665
950008,uav_U5,0.75,-362.18917564246146,0.34,3669.189651828016,50165.27022122471
950009,uav_U5,0.75,-338.87261774402583,0.35,3251.12482681964,45024.91612356207
950010,uav_U5,0.75,-322.69639180179234,0.39,2862.6959197601736,39197.27095785378
950011,uav_U5,0.75,-337.97186333533483,0.36,3173.0852394004464,46218.87094845968
950012,uav_U5,0.75,-383.93470613291197,0.29,3216.908962629118,42552.56170495822
950013,uav_U5,0.75,-375.18639062632354,0.28,2951.8843501315546,38593.288713234826
950014,uav_U5,0.75,-289.2167917356127,0.41,2900.4815509638443,38453.68867079396
950015,uav_U5,0.75,-366.1381578620615,0.33,3231.6380202959763,45042.556492840515
950016,uav_U5,0.75,-401.0809826578761,0.25,2869.4784992328646,34939.65475763592
950017,uav_U5,0.75,-394.10478270544917,0.28,3735.3430973812633,49500.83940369057
950018,uav_U5,0.75,-332.85604872389507,0.36,2656.295776863616,34085.81688912327
950019,uav_U5,0.75,-358.8845067758726,0.34,3339.019358690572,46411.04472822796
950020,uav_U5,0.75,-336.0984039535059,0.33,2457.8874476002457,32591.374193901895
950021,uav_U5,0.75,-319.9178462591691,0.38,2738.8724041705427,35413.92904965496
950022,uav_U5,0.75,-346.3958994450433,0.32,2739.1314282978215,33275.456730434096
950023,uav_U5,0.75,-383.6594311693273,0.25,3871.0396108675645,53523.880034563
950024,uav_U5,0.75,-341.0883474366623,0.33,2912.4217125673454,36818.26005996215
950025,uav_U5,0.75,-400.39004770764456,0.25,3332.438242311035,46120.64479161805
950026,uav_U5,0.75,-388.57523492221884,0.3,3590.7307125827433,50575.49219072207
950027,uav_U5,0.75,-406.1317688095711,0.25,2968.131806940306,36456.49253426031
950028,uav_U5,0.75,-406.0152149285766,0.24,3537.2301092521857,47884.587152603635
950029,uav_U5,0.75,-404.72882764947735,0.29,3270.5055496598948,44300.41442988168
950000,uav_U6,0.75,-494.1452507605232,0.2,4897.198754945126,80806.89837164503
950001,uav_U6,0.75,-515.8492858392101,0.16,4814.235259300095,75838.27220977697
950002,uav_U6,0.75,-420.26316307712216,0.28,4138.053064678753,66397.88980327807
950003,uav_U6,0.75,-470.7279209055219,0.19,5049.769674447963,79571.83169638814
950004,uav_U6,0.75,-486.7688977164268,0.18,5923.700194839687,100509.14278866498
950005,uav_U6,0.75,-512.2964528719825,0.14,6296.028572432905,109390.32644905063
950006,uav_U6,0.75,-477.44779201457055,0.21,6488.27026419873,112723.57441939032
950007,uav_U6,0.75,-432.2280469863039,0.2,4450.988134029701,74001.00993974117
950008,uav_U6,0.75,-478.9344900559145,0.21,6445.952301130346,108731.91177153875
950009,uav_U6,0.75,-443.01611337454807,0.23,5743.519444767239,97593.69742939247
950010,uav_U6,0.75,-434.53252257930944,0.25,5032.129644685374,84953.9442174083
950011,uav_U6,0.75,-456.74320766519804,0.23,5732.313228381731,100197.65043572198
950012,uav_U6,0.75,-513.5416316757222,0.14,5571.36827556171,92210.93924481455
950013,uav_U6,0.75,-477.33340920729916,0.19,5087.188114308358,83629.10700853054
950014,uav_U6,0.75,-446.0758227597319,0.18,5028.346211442426,83333.17381942694
950015,uav_U6,0.75,-475.30978218942795,0.19,5725.0125660545655,97631.63342794281
950016,uav_U6,0.75,-499.0821584659143,0.18,4801.416513592765,75686.30969231471
950017,uav_U6,0.75,-504.5433021518246,0.17,6474.504418201711,107273.63632054815
950018,uav_U6,0.75,-488.35235673983163,0.15,4542.052858180249,73858.57473135521
950019,uav_U6,0.75,-472.7549541240283,0.19,5908.168895448683,100598.48401984647
950020,uav_U6,0.75,-485.5301602726354,0.14,4261.32137806253,70628.09295479862
950021,uav_U6,0.75,-435.06129290809537,0.25,4698.042729546636,76735.2073662311
950022,uav_U6,0.75,-481.488556254245,0.16,4579.146188186023,72082.78573358018
950023,uav_U6,0.75,-498.4127038417695,0.16,6833.773650255647,116013.82074422034
950024,uav_U6,0.75,-459.75771764465907,0.21,4949.04593675144,79772.6511268225
950025,uav_U6,0.75,-513.4310638921752,0.15,5885.4855308448205,99968.31475974053
950026,uav_U6,0.75,-514.3411539046663,0.14,6390.60930946207,109629.33877853017
950027,uav_U6,0.75,-501.709893577266,0.18,4984.078000114871,78975.18263863491
950028,uav_U6,0.75,-518.4259673766173,0.14,6187.4336843950905,103781.23502690188
950029,uav_U6,0.75,-499.80331866903356,0.2,5722.325652639609,96012.99215907934
950000,uav_U7,0.75,-394.7889458445187,0.27,2833.9300844869495,37289.80374763331
950001,uav_U7,0.75,-424.1905356022561,0.21,2878.4346160208374,35009.81337167451
950002,uav_U7,0.75,-308.00205771633836,0.39,2443.013094165967,30647.68133493832
950003,uav_U7,0.75,-355.46927367499705,0.31,3018.6221264644328,36732.48823448891
950004,uav_U7,0.75,-365.3331972671364,0.32,3356.9251143331676,46371.31415921673
950005,uav_U7,0.75,-380.1562078967126,0.32,3502.0425845303853,50459.981501523376
950006,uav_U7,0.75,-356.6199062470601,0.35,3609.1800012844255,51998.08481506671
950007,uav_U7,0.75,-296.4953482438664,0.38,2561.3992213824995,34146.79529580172
950008,uav_U7,0.75,-362.19050515747546,0.34,3669.2151148895205,50165.27303561803
950009,uav_U7,0.75,-338.87399342431326,0.35,3251.1479314984545,45024.918714184576
950010,uav_U7,0.75,-322.69756183961846,0.39,2862.717470716228,39197.27344746398
950011,uav_U7,0.75,-337.9731731836126,0.36,3173.1073120489364,46218.87351098112
950012,uav_U7,0.75,-383.9363146698869,0.29,3216.9357873989884,42552.56481792063
950013,uav_U7,0.75,-375.18781593932636,0.28,2951.9100405270588,38593.29164217556
950014,uav_U7,0.75,-289.2178948246277,0.41,2900.5046236363687,38453.69130234343
950015,uav_U7,0.75,-366.13932476564275,0.33,3231.662804436694,45042.559357218444
950016,uav_U7,0.75,-401.08221978150726,0.25,2869.5015810673085,34939.657345821885
950017,uav_U7,0.75,-394.1061073344733,0.28,3735.3716563057574,49500.84264211779
950018,uav_U7,0.75,-332.85740297029906,0.36,2656.3178209722664,34085.81934808861
950019,uav_U7,0.75,-358.88568773741105,0.34,3339.0442117180496,46411.047510981785
950020,uav_U7,0.75,-336.09987146376216,0.33,2457.9074159249435,32591.37647692116
950021,uav_U7,0.75,-319.91909038007725,0.38,2738.894630361877,35413.93158369533
950022,uav_U7,0.75,-346.3974183103085,0.32,2739.155939937004,33275.459480081015
950023,uav_U7,0.75,-383.6607732847885,0.25,3871.0629975861443,53523.8826863343
950024,uav_U7,0.75,-341.0897919069818,0.33,2912.4469795176183,36818.26290476041
950025,uav_U7,0.75,-400.39151926315867,0.25,3332.4635995757826,46120.64765476617
950026,uav_U7,0.75,-388.5765214749497,0.3,3590.757956181175,50575.495322853836
950027,uav_U7,0.75,-406.1329443941579,0.25,2968.1549445757996,36456.495140754225
950028,uav_U7,0.75,-406.0167181076956,0.24,3537.2573091120994,47884.59018541669
950029,uav_U7,0.75,-404.7300479875519,0.29,3270.5301543946753,44300.4172455277
950000,uav_U8,0.75,-483.3645191728667,0.21,4636.11243025966,75305.41942882672
950001,uav_U8,0.75,-504.45523338342633,0.17,4569.2705959141,70676.69277118646
950002,uav_U8,0.75,-410.19657853480237,0.29,3923.540093376466,61878.306375515385
950003,uav_U8,0.75,-463.91795922880993,0.19,4792.734392691853,74156.03346029275
950004,uav_U8,0.75,-476.7555586324973,0.19,5598.955169611632,93664.98489349196
950005,uav_U8,0.75,-494.2898601530883,0.17,5942.548849863108,101940.29550453796
950006,uav_U8,0.75,-471.4511674508402,0.21,6124.030441279857,105046.60020262116
950007,uav_U8,0.75,-421.4367596711357,0.21,4211.892099975212,68962.5981033896
950008,uav_U8,0.75,-465.2607895953923,0.23,6094.659953108844,101327.8623892842
950009,uav_U8,0.75,-433.9012437272475,0.24,5428.200442332984,90947.90248674205
950010,uav_U8,0.75,-421.1186533503092,0.27,4757.654927728014,79169.34007305038
950011,uav_U8,0.75,-446.85757536433545,0.24,5408.555364953785,93373.60316100382
950012,uav_U8,0.75,-506.8052594857631,0.14,5273.4501906749965,85933.07368431313
950013,uav_U8,0.75,-470.2146920748367,0.19,4816.987033551305,77935.62931552767
950014,uav_U8,0.75,-435.1165735912756,0.19,4759.11156962804,77659.46278585437
950015,uav_U8,0.75,-462.3383163793035,0.21,5409.5530100070955,90983.26998526035
950016,uav_U8,0.75,-487.869731669029,0.19,4556.950916495117,70535.07336338474
950017,uav_U8,0.75,-494.24321429867825,0.18,6127.934917027837,99969.94092864351
950018,uav_U8,0.75,-474.05961545924447,0.17,4303.435776314897,68830.46019820415
950019,uav_U8,0.75,-463.6376858748469,0.2,5583.129146811332,93748.05569174301
950020,uav_U8,0.75,-469.7951686862996,0.16,4033.132231018159,65819.4510178965
950021,uav_U8,0.75,-425.33235096160695,0.26,4450.142904606401,71511.32742562988
950022,uav_U8,0.75,-462.3299966228906,0.19,4346.287378157871,67176.71826773089
950023,uav_U8,0.75,-486.81348348940764,0.17,6458.991324785886,108113.7877131444
950024,uav_U8,0.75,-452.949500793831,0.21,4691.324171501485,74342.3092453579
950025,uav_U8,0.75,-506.21653917877416,0.15,5562.476430581467,93160.83942594312
950026,uav_U8,0.75,-503.9491524861689,0.15,6036.376958854641,102163.6935600398
950027,uav_U8,0.75,-490.80440084385316,0.19,4728.991496972918,73599.92463635287
950028,uav_U8,0.75,-499.512363201894,0.17,5852.123752227469,96714.7252907223
950029,uav_U8,0.75,-485.9786856255865,0.22,5412.121208957897,89475.43662813937
950000,uav_U9,0.75,-442.31435294128005,0.23,3522.216773213119,51809.65163650915
950001,uav_U9,0.75,-454.8800817220349,0.2,3524.1945248094166,48632.574665756205
950002,uav_U9,0.75,-357.53733579099713,0.34,3008.4494291287656,42576.040167331674
950003,uav_U9,0.75,-410.6256378467454,0.24,3696.1857597129565,51026.197930869654
950004,uav_U9,0.75,-437.32854211255244,0.21,4213.208207365879,64434.86345411737
950005,uav_U9,0.75,-440.496686674895,0.23,4434.130554312802,70122.59575206837
950006,uav_U9,0.75,-422.54995059540977,0.25,4569.6630918702085,72259.6648212239
950007,uav_U9,0.75,-350.43649166934915,0.31,3191.7553375892494,47444.49322239771
950008,uav_U9,0.75,-415.7536605284966,0.27,4595.551741068886,69706.53443592387
950009,uav_U9,0.75,-385.059648752824,0.3,4082.6169853509728,62564.94229841067
950010,uav_U9,0.75,-360.6514474652565,0.35,3586.437209834877,54464.37748067396
950011,uav_U9,0.75,-382.1437930902484,0.32,4026.882186736853,64229.355643657844
950012,uav_U9,0.75,-440.87625073226013,0.22,4002.3588869464356,59121.50324055641
950013,uav_U9,0.75,-410.1221272453548,0.26,3664.2168478894687,53619.87336282179
950014,uav_U9,0.75,-361.0688491667575,0.29,3610.3452241714426,53428.1128925713
950015,uav_U9,0.75,-401.4841186080065,0.3,4063.4486086019806,62589.35309339465
950016,uav_U9,0.75,-440.099813469922,0.22,3513.969465652419,48535.12380605039
950017,uav_U9,0.75,-445.8823012704953,0.22,4649.1434431862635,68777.22817347433
950018,uav_U9,0.75,-397.8354572470809,0.27,3285.3833378189793,47356.33720604798
950019,uav_U9,0.75,-410.54180678459807,0.27,4196.1125937170955,64491.14949585814
950020,uav_U9,0.75,-380.55667016825754,0.29,3059.517705537333,45282.650593981416
950021,uav_U9,0.75,-371.15045311140597,0.32,3392.454019023201,49201.12655231514
950022,uav_U9,0.75,-405.4189179028435,0.24,3352.9441234237856,46223.8516904417
950023,uav_U9,0.75,-430.80817306395915,0.21,4859.46324903903,74374.18857745604
950024,uav_U9,0.75,-401.61251523067637,0.25,3591.831059221049,51150.35851292943
950025,uav_U9,0.75,-444.37257132963833,0.21,4184.156258075335,64087.38210767931
950026,uav_U9,0.75,-444.5534814519288,0.22,4524.796597119101,70279.31506583614
950027,uav_U9,0.75,-444.3424398117302,0.22,3640.6525625694903,50643.2167139325
950028,uav_U9,0.75,-444.1413255896839,0.22,4421.355819734166,66534.98322713943
950029,uav_U9,0.75,-440.0701942784763,0.26,4088.4520416008945,61554.759557278136
950000,uav_U10,0.75,-420.3744007705275,0.25,3191.2136589436927,44824.440991285024
950001,uav_U10,0.75,-442.33750303782637,0.2,3213.646832639098,42078.9349550815
950002,uav_U10,0.75,-336.26729951265924,0.36,2736.5368689894462,36837.544804881225
950003,uav_U10,0.75,-382.1808202009247,0.28,3370.3459739829223,44149.77852550705
950004,uav_U10,0.75,-393.33603722369776,0.29,3801.387694147125,55744.84555289222
950005,uav_U10,0.75,-413.4304593932146,0.27,3985.8468348689207,60663.29841328711
950006,uav_U10,0.75,-398.75529690462884,0.28,4107.719583269236,62512.21651826432
950007,uav_U10,0.75,-318.9034164412634,0.36,2888.6053831545346,41047.2338073229
950008,uav_U10,0.75,-395.8539051404411,0.29,4150.031631755933,60305.61686152273
950009,uav_U10,0.75,-362.08851649270076,0.33,3682.724485818359,54126.78129587458
950010,uav_U10,0.75,-343.25558895794927,0.37,3238.3733669308554,47119.67458534058
950011,uav_U10,0.75,-365.95613444971525,0.33,3616.253796946493,55564.86579837874
950012,uav_U10,0.75,-411.4507638276041,0.26,3624.636182654687,51150.515458838905
950013,uav_U10,0.75,-394.42352995428587,0.27,3321.6635325918523,46390.88332239373
950014,uav_U10,0.75,-329.59993114008205,0.34,3268.9657179490277,46224.214668495835
950015,uav_U10,0.75,-387.77352361773075,0.31,3663.4118336485453,54147.93642032184
950016,uav_U10,0.75,-427.45972136611147,0.22,3204.039580519186,41994.614597351356
950017,uav_U10,0.75,-413.65185539409197,0.27,4209.682984813837,59503.73941537212
950018,uav_U10,0.75,-372.73197877094384,0.3,2982.8582310593024,40972.153998445654
950019,uav_U10,0.75,-384.1264638872268,0.31,3783.9131814196567,55793.16791993224
950020,uav_U10,0.75,-368.0844279916719,0.29,2770.1907688740016,39177.129742126766
950021,uav_U10,0.75,-350.984311877178,0.34,3078.1462528875213,42568.380124151474
950022,uav_U10,0.75,-373.3225876726052,0.29,3057.780564069736,39994.63844081919
950023,uav_U10,0.75,-408.5426375801473,0.23,4384.075480782521,64343.513679214775
950024,uav_U10,0.75,-372.598774990224,0.29,3265.1142012669047,44255.47219611188
950025,uav_U10,0.75,-419.2900505053838,0.24,3774.5454387238515,55443.93989467224
950026,uav_U10,0.75,-417.51052934137977,0.26,4075.579789294863,60800.19528200052
950027,uav_U10,0.75,-432.09081143407144,0.22,3317.2383723505836,43818.26594467771
950028,uav_U10,0.75,-426.46522904228794,0.23,3996.1640526553756,57562.64662015039
950029,uav_U10,0.75,-421.50683252251906,0.28,3695.0840687710106,53254.03549639125
950000,uav_U1,0.9,-260.4146103474152,0.42,1661.9489143946234,28121.579226233516
950001,uav_U1,0.9,-282.07930253520334,0.39,1742.2642917417145,26404.049772760965
950002,uav_U1,0.9,-199.48483552794272,0.5,1461.0617185557815,23113.57199956448
950003,uav_U1,0.9,-224.85362350307588,0.5,1826.7571926742253,27703.144973723396
950004,uav_U1,0.9,-234.3282169778355,0.48,1927.0139447752927,34968.734849701024
950005,uav_U1,0.9,-279.27292975178943,0.43,1970.8901841975626,38050.71649302132
950006,uav_U1,0.9,-247.07777805949118,0.47,2031.3083876743474,39210.64286219923
950007,uav_U1,0.9,-158.38871014811073,0.57,1493.7295295732265,25750.983997255415
950008,uav_U1,0.9,-284.41391882807284,0.39,2116.047698784106,37829.808526747256
950009,uav_U1,0.9,-208.64206980067584,0.51,1864.091959981299,33953.22078648254
950010,uav_U1,0.9,-201.26254634026427,0.54,1649.9262124361207,29559.149263250903
950011,uav_U1,0.9,-201.01529873751704,0.53,1776.3864246566682,34852.49436690127
950012,uav_U1,0.9,-264.8639448493129,0.42,1882.380693047817,32090.439661552195
950013,uav_U1,0.9,-232.5381990832294,0.46,1735.8481394639552,29104.75228604462
950014,uav_U1,0.9,-159.94646745238032,0.6,1695.5209918217793,28999.027588864617
950015,uav_U1,0.9,-236.42566860122807,0.5,1847.5299007412075,33966.54446641993
950016,uav_U1,0.9,-272.51077469402435,0.4,1736.1345535670284,26351.137977704002
950017,uav_U1,0.9,-274.3964985896287,0.41,2183.9453595965774,37329.99109948151
950018,uav_U1,0.9,-227.50869850341203,0.47,1574.1390054530855,25705.69903346598
950019,uav_U1,0.9,-231.95992626150337,0.49,1911.315309786167,34998.47919028101
950020,uav_U1,0.9,-206.45377605851093,0.48,1436.7075006646735,24578.14492928651
950021,uav_U1,0.9,-209.5243219442765,0.5,1618.055444674138,26707.369932362006
950022,uav_U1,0.9,-228.3924257892934,0.46,1658.6960816726373,25095.917931076154
950023,uav_U1,0.9,-233.64554673328365,0.45,2221.1714937016322,40362.39721316895
950024,uav_U1,0.9,-216.30870416528487,0.5,1736.4278663374657,27766.81635691848
950025,uav_U1,0.9,-272.9009399193596,0.41,1911.2949849094598,34779.537701239984
950026,uav_U1,0.9,-284.28999550195687,0.42,2042.835224655122,38138.59712324349
950027,uav_U1,0.9,-278.51273079599684,0.4,1789.8542090578578,27494.911379693902
950028,uav_U1,0.9,-281.5380012977813,0.38,2049.014090631295,36110.43743396282
950029,uav_U1,0.9,-295.0127717647501,0.4,1894.0118896114777,33407.57572297941
950000,uav_U2,0.9,-292.80271962326094,0.38,1883.2454434954502,36188.6399725645
950001,uav_U2,0.9,-308.493445660414,0.36,1949.8876259146293,33972.699548212
950002,uav_U2,0.9,-225.83360326902675,0.47,1642.8594569488896,29740.831324366034
950003,uav_U2,0.9,-248.17175344556958,0.47,2044.605947901158,35644.5660041875
950004,uav_U2,0.9,-268.7665782332688,0.43,2202.3248173690777,45004.635106887596
950005,uav_U2,0.9,-300.00952317857303,0.41,2270.573831420341,48975.03876989565
950006,uav_U2,0.9,-281.7025348734781,0.42,2340.121655084004,50467.74359015993
950007,uav_U2,0.9,-188.41543615772844,0.53,1696.4004519284376,33139.03216967281
950008,uav_U2,0.9,-300.42716593700544,0.38,2413.882227063761,48686.708482465634
950009,uav_U2,0.9,-231.92969290032318,0.49,2131.4247697577684,43698.256073957775
950010,uav_U2,0.9,-235.36590266707563,0.49,1882.6154807717962,38041.37671837506
950011,uav_U2,0.9,-236.66002407033852,0.48,2050.891117491801,44858.91096175341
950012,uav_U2,0.9,-287.78404658418486,0.4,2134.9084289596963,41295.95154110988
950013,uav_U2,0.9,-264.51830861368705,0.42,1964.8675445407684,37453.348550368115
950014,uav_U2,0.9,-179.80584784253858,0.58,1923.7476900981599,37318.644139321754
950015,uav_U2,0.9,-266.39080401912395,0.46,2114.964404393134,43715.341309474854
950016,uav_U2,0.9,-290.7163849101147,0.39,1943.3425433757425,33904.62300477325
950017,uav_U2,0.9,-309.51581692804035,0.36,2477.7397540198526,48039.729302805186
950018,uav_U2,0.9,-260.85878381010826,0.42,1776.394900485235,33078.64631516617
950019,uav_U2,0.9,-265.651391923974,0.45,2186.87868964769,45043.57587946279
950020,uav_U2,0.9,-228.79664253583076,0.46,1630.1361437536057,31629.27100791461
950021,uav_U2,0.9,-239.56546222953367,0.46,1828.1866203100926,34367.37707122466
950022,uav_U2,0.9,-253.16602306697007,0.43,1856.0397741528473,32289.896079323455
950023,uav_U2,0.9,-268.68778512307375,0.4,2538.960970177819,51946.58704722349
950024,uav_U2,0.9,-244.12091660686235,0.46,1954.8619570670548,35729.564137184534
950025,uav_U2,0.9,-290.0262844548394,0.4,2185.1299117830645,44761.64874288243
950026,uav_U2,0.9,-312.81562616604947,0.38,2343.145956262818,49085.81277134526
950027,uav_U2,0.9,-296.9141781894086,0.39,2006.0743447168334,35376.8909098423
950028,uav_U2,0.9,-308.1336956520711,0.35,2333.26802037092,46472.381355871476
950029,uav_U2,0.9,-322.04462133800956,0.37,2156.9888672209318,42993.88991679382
950000,uav_U3,0.9,-248.47734462952937,0.44,1609.410045977269,26202.24810078866
950001,uav_U3,0.9,-274.0638172035696,0.4,1692.9753581377536,24603.30193576646
950002,uav_U3,0.9,-195.95938215045203,0.5,1417.9106264870966,21536.802555527636
950003,uav_U3,0.9,-221.8529741132667,0.5,1775.0430721151486,25813.70691131339
950004,uav_U3,0.9,-226.90028274502882,0.49,1861.6261615927756,32580.97081270481
950005,uav_U3,0.9,-271.5663290425454,0.44,1899.708380545525,35451.576349584866
950006,uav_U3,0.9,-243.25986588470948,0.47,1957.9549707162028,36532.32700239684
950007,uav_U3,0.9,-146.5269410812665,0.59,1445.606778576938,23993.20407415702
950008,uav_U3,0.9,-273.3693554892265,0.41,2045.3027506423439,35246.7089859716
950009,uav_U3,0.9,-192.97220184295014,0.54,1800.5932617998938,31634.659036280704
950010,uav_U3,0.9,-193.68630932957737,0.55,1594.662895954325,27541.038804627726
950011,uav_U3,0.9,-197.11573634385655,0.53,1711.1766280764568,32471.74371231249
950012,uav_U3,0.9,-260.8061532340715,0.42,1822.421550942884,29900.245648137803
950013,uav_U3,0.9,-228.5867225561749,0.46,1681.4769752746254,27118.43785529742
950014,uav_U3,0.9,-149.11715220635813,0.62,1641.3264125847518,27019.606749868868
950015,uav_U3,0.9,-232.2575031996163,0.5,1784.0147180596864,31647.089010349264
950016,uav_U3,0.9,-264.54381667952583,0.41,1686.9408626777506,24553.99769139388
950017,uav_U3,0.9,-266.7513107829803,0.42,2114.175868506104,34781.906755951364
950018,uav_U3,0.9,-223.7935263722808,0.47,1526.118770178207,23951.512339861136
950019,uav_U3,0.9,-219.50315829126558,0.51,1845.8663920854979,32608.526640474127
950020,uav_U3,0.9,-198.96098791988106,0.49,1390.7779462452827,22900.52627935295
950021,uav_U3,0.9,-206.0838930018106,0.5,1568.1623304670647,24884.88527568687
950022,uav_U3,0.9,-221.29098769797358,0.47,1611.855904304958,23384.313548306258
950023,uav_U3,0.9,-225.91831451540665,0.46,2145.6692598647405,37606.25751706249
950024,uav_U3,0.9,-213.28245343635254,0.5,1684.5732538381476,25872.303990995624
950025,uav_U3,0.9,-265.5524974923074,0.42,1846.2596220163787,32404.571291048665
950026,uav_U3,0.9,-276.6337951082408,0.43,1971.5093042960607,35534.01080878573
950027,uav_U3,0.9,-270.49906076581016,0.41,1738.5165723978103,25619.614590550827
950028,uav_U3,0.9,-265.7173454926461,0.41,1981.5082611772848,33645.10060557029
950029,uav_U3,0.9,-279.19432097280594,0.43,1831.5564337644923,31126.778496122708
950000,uav_U4,0.9,-366.3382952535055,0.28,2395.419571252912,54855.62488348811
950001,uav_U4,0.9,-364.17959460404813,0.3,2430.419466961509,51486.37375483712
950002,uav_U4,0.9,-269.43189485485317,0.43,2063.625630976873,45076.15142688145
950003,uav_U4,0.9,-306.1540649785979,0.38,2548.805935511127,54020.82416911397
950004,uav_U4,0.9,-311.8528468249052,0.4,2839.4888568470337,68227.46499669235
950005,uav_U4,0.9,-352.87255873267486,0.34,2964.1401227836077,74253.65502621223
950006,uav_U4,0.9,-317.2560972023252,0.4,3054.814131086887,76516.40083531529
950007,uav_U4,0.9,-243.42635524022654,0.46,2165.461843672153,50234.797561954976
950008,uav_U4,0.9,-333.583884532653,0.36,3103.166973020116,73809.31053229721
950009,uav_U4,0.9,-288.25129497529537,0.42,2750.119754347271,66248.0306250604
950010,uav_U4,0.9,-277.9159020287829,0.45,2421.139892657923,57669.04562182346
950011,uav_U4,0.9,-303.19699081090505,0.39,2686.177473898937,68013.51510295068
950012,uav_U4,0.9,-351.4150370850607,0.31,2719.359928258366,62597.28475200469
950013,uav_U4,0.9,-337.16565958841363,0.32,2494.916765387037,56771.80005448633
950014,uav_U4,0.9,-239.37384446604284,0.49,2451.9519965600634,56570.03611639871
950015,uav_U4,0.9,-330.0201642389788,0.37,2733.901513757114,66273.82111428674
950016,uav_U4,0.9,-353.63174110053603,0.31,2422.9101296321496,51383.205927092546
950017,uav_U4,0.9,-354.9455536320886,0.32,3157.6882820247743,72821.80451556193
950018,uav_U4,0.9,-298.8899169740305,0.39,2244.499258812112,50139.46895806916
950019,uav_U4,0.9,-322.34358906035146,0.38,2824.6260912531416,68287.68566885765
950020,uav_U4,0.9,-287.1549816216128,0.39,2077.80605114032,47945.40685065332
950021,uav_U4,0.9,-271.6003634242398,0.45,2314.514915931906,52092.449234202766
950022,uav_U4,0.9,-307.7383465010672,0.36,2312.787422767107,48936.589873009834
950023,uav_U4,0.9,-327.231006502625,0.33,3274.412542743419,78752.11873709882
950024,uav_U4,0.9,-295.2465324445245,0.39,2460.415313025963,54155.171711893345
950025,uav_U4,0.9,-361.22226901678147,0.29,2818.879761026896,67860.01167011242
950026,uav_U4,0.9,-361.1906822679166,0.32,3038.167791244094,74417.4043265382
950027,uav_U4,0.9,-359.4675735627577,0.31,2506.4960336776144,53615.60183999557
950028,uav_U4,0.9,-357.12153191210234,0.3,2991.13464651138,70449.66860485123
950029,uav_U4,0.9,-375.57757001180886,0.31,2765.6106473556506,65176.388802143214
950000,uav_U5,0.9,-364.3355996258381,0.28,2361.5879939233987,53625.13399698653
950001,uav_U5,0.9,-362.1835127028341,0.3,2398.675692702027,50331.90661472805
950002,uav_U5,0.9,-267.78316687146236,0.43,2035.8256266990047,44065.276535156874
950003,uav_U5,0.9,-300.70652720629033,0.39,2515.497226893234,52809.497035763015
950004,uav_U5,0.9,-310.00197050905894,0.4,2797.416766662608,66696.66346437075
950005,uav_U5,0.9,-351.306787619043,0.34,2918.3471170555417,72587.34071168849
950006,uav_U5,0.9,-311.61722341434114,0.41,3007.6282022953533,74799.32718810528
950007,uav_U5,0.9,-237.83868692247418,0.47,2134.481722044971,49107.878882278215
950008,uav_U5,0.9,-331.9945442551095,0.36,3057.658124190292,72153.28077207849
950009,uav_U5,0.9,-286.43191128293086,0.42,2709.270760787532,64761.59612669587
950010,uav_U5,0.9,-276.33337664730965,0.45,2385.5799963297654,56375.22961245341
950011,uav_U5,0.9,-301.29102178204585,0.39,2644.2377695487507,66487.2117681839
950012,uav_U5,0.9,-349.6875559008998,0.31,2680.757539873421,61193.143019837735
950013,uav_U5,0.9,-331.31188060145087,0.33,2459.903690274823,55498.36565794677
950014,uav_U5,0.9,-237.94776257792947,0.49,2417.0680231669726,55301.02297398528
950015,uav_U5,0.9,-328.4715344778412,0.37,2693.0317549209576,64786.81200324161
950016,uav_U5,0.9,-351.68331903977537,0.31,2391.232146040073,50231.05223220313
950017,uav_U5,0.9,-353.13447839320605,0.32,3112.7859969450533,71188.22025502517
950018,uav_U5,0.9,-297.2856416748105,0.39,2213.5798726928547,49014.85338913004
950019,uav_U5,0.9,-320.8033336749208,0.38,2782.51620595365,66755.48170621552
950020,uav_U5,0.9,-285.32125065359634,0.39,2048.2395939266908,46869.879753951056
950021,uav_U5,0.9,-270.03639484782093,0.45,2282.3937306049047,50924.04771431693
950022,uav_U5,0.9,-306.00221432157616,0.36,2282.609584050022,47839.27185349383
950023,uav_U5,0.9,-321.32406807170986,0.34,3225.8664278459128,76985.15475426367
950024,uav_U5,0.9,-289.7236237661763,0.4,2427.0181581001457,52940.59168776445
950025,uav_U5,0.9,-359.48422751958174,0.29,2777.031942158753,66337.41476125784
950026,uav_U5,0.9,-359.6569484117115,0.32,2992.2756730871874,72747.5975700153
950027,uav_U5,0.9,-357.55897405693014,0.31,2473.4432379741247,52413.342276479794
950028,uav_U5,0.9,-355.36469935430335,0.3,2947.691835797321,68869.1346260753
950029,uav_U5,0.9,-369.80959466580083,0.32,2725.421363582256,63714.1635915049
950000,uav_U6,0.9,-459.2963990854109,0.23,4080.999070563826,116289.73290347694
950001,uav_U6,0.9,-478.035597093414,0.19,4011.8628223614833,109124.8706677368
950002,uav_U6,0.9,-377.7779561193836,0.33,3448.377645249772,95545.56108863337
950003,uav_U6,0.9,-437.51602552837176,0.21,4208.141506850982,114498.1338688247
950004,uav_U6,0.9,-457.59232120003804,0.2,4936.416959803463,144655.11806243449
950005,uav_U6,0.9,-462.8909491609509,0.21,5246.6906160172575,157447.01796308128
950006,uav_U6,0.9,-447.45606045743546,0.23,5406.892030065999,162244.0124739221
950007,uav_U6,0.9,-376.4710835103434,0.28,3709.1568766171845,106497.93297443932
950008,uav_U6,0.9,-436.01814948070694,0.26,5371.6270599081445,156489.22193545866
950009,uav_U6,0.9,-405.49123155274765,0.28,4786.2663307654575,140460.62044275462
950010,uav_U6,0.9,-390.6602968006491,0.31,4193.441481659407,122264.8195148481
950011,uav_U6,0.9,-411.9171353291193,0.29,4776.927816863481,144216.63353966095
950012,uav_U6,0.9,-464.36348470645316,0.2,4642.807019293808,132701.1827569474
950013,uav_U6,0.9,-448.7987434012836,0.2,4239.323540894021,120349.92162563773
950014,uav_U6,0.9,-389.698901537526,0.26,4190.2886205400955,119927.46114565025
950015,uav_U6,0.9,-421.6379798024185,0.28,4770.843931429675,140515.06025351642
950016,uav_U6,0.9,-461.7986491682535,0.21,4001.180533989058,108906.2154915174
950017,uav_U6,0.9,-469.72828907978277,0.2,5395.420491431258,154381.02246454972
950018,uav_U6,0.9,-439.8298492862677,0.21,3785.0441487529683,106287.60574529823
950019,uav_U6,0.9,-430.7789803948831,0.25,4923.474209968096,144785.37215579455
950020,uav_U6,0.9,-417.2862097310635,0.24,3551.1012424575,101642.73710329592
950021,uav_U6,0.9,-398.8891208929829,0.29,3915.0357116685586,110426.66894988484
950022,uav_U6,0.9,-434.83584395105623,0.21,3815.9552579099773,103721.8048751856
950023,uav_U6,0.9,-455.2902925205496,0.2,5694.811526074024,166970.64745945722
950024,uav_U6,0.9,-430.52377662282436,0.22,4124.20505654699,114794.89314946155
950025,uav_U6,0.9,-470.29524030518877,0.19,4904.571405630789,143878.03689101187
950026,uav_U6,0.9,-471.30482689940766,0.19,5325.50789896284,157785.1118953892
950027,uav_U6,0.9,-465.65509493163137,0.21,4153.398443456544,113640.23592656227
950028,uav_U6,0.9,-472.0417769973348,0.19,5156.194873588428,149360.28368716806
950029,uav_U6,0.9,-463.1373697027136,0.24,4768.604836857895,138180.25336729977
950000,uav_U7,0.9,-364.3370385482134,0.28,2361.6084663003844,53625.136323073406
950001,uav_U7,0.9,-362.1849997017962,0.3,2398.6955768944304,50331.90886238885
950002,uav_U7,0.9,-267.78445121373215,0.43,2035.844299069762,44065.27867581528
950003,uav_U7,0.9,-300.7077511106781,0.39,2515.5185053588443,52809.49943672746
950004,uav_U7,0.9,-310.0031449690043,0.4,2797.437669384431,66696.6658676995
950005,uav_U7,0.9,-351.30803130225854,0.34,2918.3688977523616,72587.34319443192
950006,uav_U7,0.9,-311.61829562565003,0.41,3007.650080745872,74799.32969312888
950007,uav_U7,0.9,-237.83976943795787,0.47,2134.4994076970065,49107.88086397428
950008,uav_U7,0.9,-331.99582743561615,0.36,3057.679343408774,72153.28311740632
950009,uav_U7,0.9,-286.43324555539175,0.42,2709.290014687054,64761.598285548025
950010,uav_U7,0.9,-276.33446713294813,0.45,2385.5979554602873,56375.231687128646
950011,uav_U7,0.9,-301.2923018194577,0.39,2644.256163422979,66487.2139036185
950012,uav_U7,0.9,-349.68897683516263,0.31,2680.779893848906,61193.14561397315
950013,uav_U7,0.9,-331.3132650960337,0.33,2459.92509893831,55498.36809873081
950014,uav_U7,0.9,-237.94882318866965,0.49,2417.087250394585,55301.02516694323
950015,uav_U7,0.9,-328.47265063319384,0.37,2693.0524083721025,64786.814390223284
950016,uav_U7,0.9,-351.68468194191973,0.31,2391.2513809026195,50231.054389024815
950017,uav_U7,0.9,-353.1357372778345,0.32,3112.8097960494297,71188.2229537146
950018,uav_U7,0.9,-297.2868448151641,0.39,2213.598242783883,49014.85543826788
950019,uav_U7,0.9,-320.8045104359148,0.38,2782.5369168104303,66755.4840251771
950020,uav_U7,0.9,-285.3226341817299,0.39,2048.2562341977136,46869.88165646716
950021,uav_U7,0.9,-270.0375138156244,0.45,2282.412252431507,50924.04982601729
950022,uav_U7,0.9,-306.0035566916729,0.36,2282.630010416548,47839.274144866315
950023,uav_U7,0.9,-321.3252424618954,0.34,3225.8859167785804,76985.15696407312
950024,uav_U7,0.9,-289.7248497172576,0.4,2427.039213892598,52940.59405842973
950025,uav_U7,0.9,-359.48559239649813,0.29,2777.053073213268,66337.41714721468
950026,uav_U7,0.9,-359.65822972075847,0.32,2992.2983760864818,72747.6001801252
950027,uav_U7,0.9,-357.5602856765362,0.31,2473.4625193375464,52413.34444855811
950028,uav_U7,0.9,-355.36602305702814,0.3,2947.7145023478492,68869.13715341958
950029,uav_U7,0.9,-369.8109003218824,0.32,2725.4418675284487,63714.16593787663
950000,uav_U8,0.9,-452.862100078376,0.23,3863.4271275622505,108367.62273657983
950001,uav_U8,0.9,-466.38824874381027,0.2,3807.7255974653644,101692.21511732455
950002,uav_U8,0.9,-371.3465566659267,0.33,3269.616831095655,89037.37886662563
950003,uav_U8,0.9,-418.70768586003373,0.24,3993.945433046633,106699.40452761894
950004,uav_U8,0.9,-443.53642622595373,0.22,4665.796098277747,134799.5509405368
950005,uav_U8,0.9,-457.0452305194738,0.21,4952.124172739081,146718.99434814366
950006,uav_U8,0.9,-437.0580779465213,0.24,5103.358836259389,151189.19074711102
950007,uav_U8,0.9,-370.26258015747464,0.28,3509.9101762935443,99242.63657898594
950008,uav_U8,0.9,-425.4461254196719,0.27,5078.883428801833,145827.41063884555
950009,uav_U8,0.9,-400.66911433472046,0.28,4523.500488442659,130890.6939508482
950010,uav_U8,0.9,-385.02148433481165,0.31,3964.7125448023603,113935.00701590886
950011,uav_U8,0.9,-405.5301167713946,0.29,4507.129590192979,134390.02351098027
950012,uav_U8,0.9,-449.73660604483115,0.22,4394.541941978103,123661.07811979107
950013,uav_U8,0.9,-430.3106821953375,0.23,4014.1559676315724,112151.33421448404
950014,uav_U8,0.9,-374.9815489794953,0.28,3965.9264130845386,111757.33568857037
950015,uav_U8,0.9,-412.69883694385464,0.29,4507.960961092762,130941.4369941009
950016,uav_U8,0.9,-450.82717763494765,0.22,3797.4591976775782,101488.453272678
950017,uav_U8,0.9,-451.48772530671545,0.23,5106.612566135566,143863.72380654977
950018,uav_U8,0.9,-420.36438610040193,0.24,3586.19657526418,99047.13801918682
950019,uav_U8,0.9,-421.62314419893005,0.26,4652.607745594792,134920.77491852382
950020,uav_U8,0.9,-397.88121019089954,0.27,3360.9436148830664,94718.30869566128
950021,uav_U8,0.9,-389.05514604248344,0.3,3708.4525187457766,102904.2995654541
950022,uav_U8,0.9,-423.06158469368717,0.22,3621.906244412641,96657.0869047842
950023,uav_U8,0.9,-442.99408967964877,0.21,5382.492913242271,155594.6186341339
950024,uav_U8,0.9,-411.3115635148304,0.25,3909.4369131492813,106975.22071135754
950025,uav_U8,0.9,-458.73407267520054,0.2,4635.397148280645,134075.2925121189
950026,uav_U8,0.9,-465.01190439950113,0.19,5030.314265636685,147034.60477245733
950027,uav_U8,0.9,-454.93940179132824,0.22,3940.826351873677,105899.88264040402
950028,uav_U8,0.9,-452.754367713222,0.22,4876.769922713175,139184.53094902512
950029,uav_U8,0.9,-457.207113904183,0.24,4510.101126941792,128766.19315903918
950000,uav_U9,0.9,-404.1523236100516,0.26,2935.1807221000013,74533.72044821164
950001,uav_U9,0.9,-426.95360272742124,0.21,2936.828848473909,69948.6882154001
950002,uav_U9,0.9,-310.5903286978492,0.39,2507.041257354551,61242.118416708625
950003,uav_U9,0.9,-356.89602421416055,0.31,3080.1548813570353,73392.44471947302
950004,uav_U9,0.9,-367.0053496019846,0.33,3511.0069324814867,92708.17988904088
950005,uav_U9,0.9,-399.0342029152454,0.28,3695.1088931476256,100901.51077578391
950006,uav_U9,0.9,-371.9112613075274,0.32,3808.052677437453,103976.0079577929
950007,uav_U9,0.9,-295.4273276023038,0.39,2659.7961851182436,68256.56850403934
950008,uav_U9,0.9,-380.03815471901765,0.3,3829.626552341196,100292.70235124529
950009,uav_U9,0.9,-342.33212021238285,0.35,3402.1809112528263,90019.23487436566
950010,uav_U9,0.9,-329.2908490573818,0.38,2988.697754035851,78359.86414126326
950011,uav_U9,0.9,-347.68669888475085,0.35,3355.735244510669,92422.31072329478
950012,uav_U9,0.9,-389.1781318441814,0.28,3335.2991608106176,85052.42044378753
950013,uav_U9,0.9,-377.8130467282309,0.28,3053.5141207983916,77136.64911365199
950014,uav_U9,0.9,-299.89962909806013,0.39,3008.6210998441106,76864.19514279442
950015,uav_U9,0.9,-373.6600765699892,0.32,3386.2072635388413,90054.20041639789
950016,uav_U9,0.9,-411.87693632420127,0.23,2928.307965617351,69808.5290165019
950017,uav_U9,0.9,-394.1179322528459,0.29,3874.286305288757,98946.22160558686
950018,uav_U9,0.9,-343.53862714136295,0.34,2737.8195207099316,68124.40390545783
950019,uav_U9,0.9,-365.53818300210713,0.33,3496.760587396767,92790.83376384141
950020,uav_U9,0.9,-350.42801511670086,0.3,2549.5981554890623,65145.318911616625
950021,uav_U9,0.9,-323.07497857687684,0.38,2827.0450907437857,70777.61340806395
950022,uav_U9,0.9,-348.2963473321089,0.32,2794.120176872062,66484.96214906631
950023,uav_U9,0.9,-390.6991787275286,0.24,4049.5528148090393,107009.5999158727
950024,uav_U9,0.9,-343.1937093978095,0.33,2993.1926286434,73578.81499556337
950025,uav_U9,0.9,-401.7448074751799,0.25,3486.7969740980225,92209.51777156896
950026,uav_U9,0.9,-402.83762854206486,0.27,3770.6639308210647,101121.10390141065
950027,uav_U9,0.9,-417.07912481527615,0.23,3033.8772158448737,72842.22642159952
950028,uav_U9,0.9,-411.6362970200603,0.23,3684.4632807167504,95725.70635322403
950029,uav_U9,0.9,-407.43647067916964,0.29,3407.043458256573,88560.42186059151
950000,uav_U10,0.9,-381.253926383875,0.28,2659.3447862349885,64475.00742198996
950001,uav_U10,0.9,-398.26272775893005,0.25,2678.0390981430583,60511.43764691773
950002,uav_U10,0.9,-285.807932303807,0.42,2280.4474512357656,52978.67611807046
950003,uav_U10,0.9,-325.43667349484156,0.36,2808.621719388835,63490.39074104349
950004,uav_U10,0.9,-341.7379147228088,0.36,3167.8231623745924,80194.54420453781
950005,uav_U10,0.9,-364.1892104703291,0.34,3321.5391170481716,87280.11241062917
950006,uav_U10,0.9,-340.58408833041835,0.37,3423.0997434055384,89939.67212821821
950007,uav_U10,0.9,-259.5682605576635,0.45,2407.1712163970383,59044.50671899119
950008,uav_U10,0.9,-353.01907767114034,0.34,3458.359784745191,86755.37144669158
950009,uav_U10,0.9,-317.7347928364295,0.38,3068.9371528143693,77868.27417995702
950010,uav_U10,0.9,-309.9814908578058,0.4,2698.6445439320464,67783.48340800873
950011,uav_U10,0.9,-329.61900675238275,0.36,3013.544910620422,79945.4366155931
950012,uav_U10,0.9,-372.4467739908834,0.29,3020.5302322289645,73574.18723735843
950013,uav_U10,0.9,-353.8998480096459,0.31,2768.053017154907,66726.8932725025
950014,uav_U10,0.9,-273.9095568082673,0.43,2724.138170455874,66490.57260520646
950015,uav_U10,0.9,-354.0177905555699,0.34,3052.8432755798503,77898.5505533611
950016,uav_U10,0.9,-379.34565704649,0.28,2670.0330544977087,60390.186769369124
950017,uav_U10,0.9,-372.5980633273431,0.31,3508.069246943629,85592.38663271273
950018,uav_U10,0.9,-323.1072914265402,0.36,2485.715258398386,58931.17156156649
950019,uav_U10,0.9,-350.1806111880449,0.34,3153.2610680492717,80265.73075941988
950020,uav_U10,0.9,-313.3032373044746,0.36,2308.492368549165,56353.360983577644
950021,uav_U10,0.9,-299.38832109244197,0.41,2565.1219453587933,61226.44977038089
950022,uav_U10,0.9,-332.25384825126076,0.33,2548.150537561051,57514.88546750525
950023,uav_U10,0.9,-365.2329562543233,0.27,3653.3963307673857,92565.41910903966
950024,uav_U10,0.9,-315.1183025834543,0.37,2720.9285731357454,63650.16879930205
950025,uav_U10,0.9,-389.9396306835685,0.25,3145.454615595967,79762.9511509473
950026,uav_U10,0.9,-372.25585977171323,0.32,3396.316581050717,87471.16065673777
950027,uav_U10,0.9,-384.8715653179338,0.28,2764.365383522827,63014.28828186965
950028,uav_U10,0.9,-382.1173311638634,0.27,3330.136798764645,82805.53120854525
950029,uav_U10,0.9,-392.05562053382357,0.3,3079.2368055477605,76607.36952696912
950000,uav_U1,0.98,-234.3418386372973,0.46,1526.2795451221828,33316.665657018835
950001,uav_U1,0.98,-262.4082739511624,0.41,1600.0385617453182,31276.539769007053
950002,uav_U1,0.98,-189.73301715568806,0.5,1341.7913125236114,27380.537919090748
950003,uav_U1,0.98,-207.52630232488374,0.52,1677.6340794440682,32815.725778265034
950004,uav_U1,0.98,-213.9315316862267,0.51,1769.7066026527514,41433.04897733675
950005,uav_U1,0.98,-256.9214769762387,0.46,1810.0011063929508,45088.39057207115
950006,uav_U1,0.98,-221.9015692431132,0.51,1865.487209076941,46462.63275356731
950007,uav_U1,0.98,-132.48143355722655,0.61,1371.7923620793401,30509.08639319818
950008,uav_U1,0.98,-263.55134466696734,0.42,1943.3090218260293,44822.91032352396
950009,uav_U1,0.98,-187.04066444565234,0.54,1711.921109068826,40230.349163021
950010,uav_U1,0.98,-183.83842024233022,0.56,1515.2382887289036,35022.388611072696
950011,uav_U1,0.98,-179.38330828270247,0.56,1631.375212982281,41298.919993732015
950012,uav_U1,0.98,-245.57490218453148,0.44,1728.7168835621678,38018.654169352936
950013,uav_U1,0.98,-218.2366198308724,0.47,1594.1461772712144,34481.001494961194
950014,uav_U1,0.98,-144.19786180738632,0.62,1557.111043383362,34356.99782996107
950015,uav_U1,0.98,-221.85677372776195,0.51,1696.7110553636187,40246.07824183872
950016,uav_U1,0.98,-249.70248352262738,0.43,1594.4092106190917,31213.865884567076
950017,uav_U1,0.98,-257.1418467790863,0.43,2005.6640135842854,44227.24664286554
950018,uav_U1,0.98,-205.29059127424304,0.5,1445.6377957183938,30453.476195335523
950019,uav_U1,0.98,-212.32564054574698,0.51,1755.2894895497475,41468.904532473316
950020,uav_U1,0.98,-184.33528945855483,0.51,1319.4251950799912,29119.137946530613
950021,uav_U1,0.98,-188.17744366574814,0.53,1485.9692176394517,31639.929454555313
950022,uav_U1,0.98,-187.62768669847048,0.54,1523.292249902534,29727.290398227116
950023,uav_U1,0.98,-208.08428970382772,0.49,2039.8512780280998,47824.08682234149
950024,uav_U1,0.98,-195.2257994559853,0.53,1594.6785794775228,32894.002563802416
950025,uav_U1,0.98,-242.88624477160573,0.46,1755.2708238475066,41209.35014080436
950026,uav_U1,0.98,-261.85549601194066,0.45,1876.0730792871107,45190.35519360026
950027,uav_U1,0.98,-255.6226472474601,0.43,1643.7435858435724,32569.295812874654
950028,uav_U1,0.98,-246.91555631748017,0.44,1881.7475477799767,42784.30150063688
950029,uav_U1,0.98,-268.53620576550253,0.44,1739.398594201196,39581.86520802078
950000,uav_U2,0.98,-269.5747236873807,0.41,1729.5110421000304,42881.611825464686
950001,uav_U2,0.98,-288.966805957822,0.38,1790.7130435500835,40250.530432817286
950002,uav_U2,0.98,-203.37643290544088,0.5,1508.7484115388645,35238.3415496855
950003,uav_U2,0.98,-231.1541583066401,0.49,1877.6992536220066,42231.703580402565
950004,uav_U2,0.98,-243.31893286612183,0.47,2022.5431066813326,53332.407069316236
950005,uav_U2,0.98,-282.58700208777685,0.43,2085.220769766509,58041.13212662633
950006,uav_U2,0.98,-252.5510521508103,0.47,2149.0912171347895,59809.94277602846
950007,uav_U2,0.98,-162.35741315475448,0.57,1557.9187107911366,39268.94143027963
950008,uav_U2,0.98,-287.47815485486535,0.39,2216.830514819654,57695.710599927064
950009,uav_U2,0.98,-209.238395517905,0.52,1957.430821050852,51784.83466275534
950010,uav_U2,0.98,-217.78418059393152,0.51,1728.932504931424,45079.58920546467
950011,uav_U2,0.98,-222.46801318352908,0.49,1883.4713478787771,53163.319845569684
950012,uav_U2,0.98,-268.87303316219015,0.42,1960.6300997627463,48933.438154443305
950013,uav_U2,0.98,-241.29498908340722,0.45,1804.4701110439419,44379.75848209234
950014,uav_U2,0.98,-163.14930836229905,0.6,1766.7069811483298,44221.39410391717
950015,uav_U2,0.98,-244.8232809312024,0.49,1942.3141596759563,51805.023805306686
950016,uav_U2,0.98,-276.0695057235894,0.4,1784.702253739569,40169.87599663243
950017,uav_U2,0.98,-279.243287087211,0.41,2275.4751797374533,56925.56040394825
950018,uav_U2,0.98,-230.93414821447968,0.47,1631.3829969061178,39195.426441038326
950019,uav_U2,0.98,-241.39584160883058,0.48,2008.3578879972283,53379.166617518844
950020,uav_U2,0.98,-210.3020872419086,0.48,1497.0637366923938,37479.511468650504
950021,uav_U2,0.98,-217.4881333465385,0.49,1678.9468190493353,40722.240597514596
950022,uav_U2,0.98,-231.63032810378058,0.46,1704.5262448723142,38257.04074892308
950023,uav_U2,0.98,-238.202944834594,0.45,2331.6987430131294,61559.219483534645
950024,uav_U2,0.98,-222.944206025568,0.49,1795.281306643403,42335.26703916387
950025,uav_U2,0.98,-275.9101801376879,0.41,2006.7518675831088,53044.931477949016
950026,uav_U2,0.98,-287.3272738041857,0.42,2151.8686364570885,58170.24097718374
950027,uav_U2,0.98,-282.1695199091258,0.4,1842.3130890584462,41914.79500311059
950028,uav_U2,0.98,-285.19172938317445,0.38,2142.7970630956866,55070.242794295984
950029,uav_U2,0.98,-303.1379717163567,0.39,1980.9080523361158,50948.158474991156
950000,uav_U3,0.98,-226.7258526985447,0.47,1478.0295661398363,31040.951229235605
950001,uav_U3,0.98,-238.43499682269234,0.46,1554.7732166381165,29141.42719136316
950002,uav_U3,0.98,-182.49521557401573,0.51,1302.1627604040607,25510.992010537462
950003,uav_U3,0.98,-200.56421175602756,0.53,1630.1415219294151,30575.454815777644
950004,uav_U3,0.98,-210.66709822211936,0.51,1709.6566004487343,38601.92330752753
950005,uav_U3,0.98,-249.19107675282723,0.47,1744.630065226753,42006.64054369984
950006,uav_U3,0.98,-218.17931402269602,0.51,1798.1218292518843,43287.00569704264
950007,uav_U3,0.98,-124.93477336854262,0.62,1327.5980009503778,28424.920383907443
950008,uav_U3,0.98,-260.4316441293345,0.42,1878.3391744773623,41760.179514634285
950009,uav_U3,0.98,-179.67023839378322,0.55,1653.6059807656989,37481.27557664932
950010,uav_U3,0.98,-176.28238284337203,0.57,1464.4862657207223,32629.55397784988
950011,uav_U3,0.98,-175.8019464129638,0.56,1571.4886678545035,38476.11035794704
950012,uav_U3,0.98,-241.63693462150133,0.44,1673.6523678329534,35421.78285739232
950013,uav_U3,0.98,-210.42475951354123,0.48,1544.2134777592787,32125.866183809085
950014,uav_U3,0.98,-141.5993652729143,0.62,1507.3405137181294,32010.03648862041
950015,uav_U3,0.98,-217.70057839003047,0.51,1638.38078823455,37495.944655437284
950016,uav_U3,0.98,-225.78685176588942,0.48,1549.2313333070697,29083.0308444688
950017,uav_U3,0.98,-253.7940741077829,0.43,1941.5899940986963,41206.032077604614
950018,uav_U3,0.98,-197.44486710436948,0.51,1401.5375816761953,28373.570499278183
950019,uav_U3,0.98,-200.19873904760135,0.53,1695.1833434030686,38635.184118761885
950020,uav_U3,0.98,-168.93846029186682,0.54,1277.2449939801113,27130.017607218273
950021,uav_U3,0.98,-181.01772574530625,0.54,1440.1490128201967,29479.04419322262
950022,uav_U3,0.98,-184.6738874223604,0.54,1480.2757624600035,27697.87328568204
950023,uav_U3,0.98,-200.29981636260516,0.5,1970.5124950377365,44556.18612301534
950024,uav_U3,0.98,-188.4449947069797,0.54,1547.0569987583729,30647.715152287954
950025,uav_U3,0.98,-239.47055654386108,0.46,1695.5444729148335,38393.398376677294
950026,uav_U3,0.98,-258.1713832216925,0.45,1810.5696860491162,42102.147557634285
950027,uav_U3,0.98,-231.6641167027757,0.48,1596.596778832548,30345.792215655427
950028,uav_U3,0.98,-235.13013397402545,0.46,1819.752401130302,39861.19920052823
950029,uav_U3,0.98,-260.8945393808895,0.45,1682.041545548917,36877.56793946194
950000,uav_U4,0.98,-338.31119068260506,0.32,2199.8750153643687,65014.66462072566
950001,uav_U4,0.98,-339.4533555984861,0.33,2232.017775252328,61016.12685521443
950002,uav_U4,0.98,-251.06160461005058,0.45,1895.1663087051909,53421.10905969609
950003,uav_U4,0.98,-284.51287832995786,0.41,2340.7400372915017,64020.04769555506
950004,uav_U4,0.98,-297.0459791754126,0.41,2607.693728291663,80867.23008713298
950005,uav_U4,0.98,-335.1418066409688,0.36,2722.1693754218163,88013.45806686585
950006,uav_U4,0.98,-299.5370709874278,0.42,2805.441420036944,90695.29022519803
950007,uav_U4,0.98,-213.84445489368954,0.51,1988.689356882719,59539.0322651565
950008,uav_U4,0.98,-315.3491479973931,0.38,2849.847089159509,87483.05383984343
950009,uav_U4,0.98,-261.02470298265115,0.46,2525.620066502244,78521.63017264789
950010,uav_U4,0.98,-264.0827777805468,0.46,2223.495717610044,68351.70511190122
950011,uav_U4,0.98,-284.2458735684187,0.41,2466.8975667482077,80617.24918720796
950012,uav_U4,0.98,-327.95662728418233,0.34,2497.371247922816,74189.98255768124
950013,uav_U4,0.98,-309.21888294296525,0.36,2291.24998537016,67285.24154257803
950014,uav_U4,0.98,-218.2601774679954,0.52,2251.79254642391,67047.36624009037
950015,uav_U4,0.98,-296.2264129568988,0.43,2510.725764603896,78552.1408084432
950016,uav_U4,0.98,-329.4780791109166,0.34,2225.1214453688085,60893.86547335674
950017,uav_U4,0.98,-336.0971681620337,0.34,2899.9176767608187,86309.14785934419
950018,uav_U4,0.98,-280.38299168929797,0.41,2061.274734798136,59424.0863448682
950019,uav_U4,0.98,-300.1405352267599,0.41,2594.0442503122717,80939.22082135774
950020,uav_U4,0.98,-267.3309433277551,0.41,1908.1891429507266,56825.21187436364
950021,uav_U4,0.98,-257.64197848436527,0.46,2125.574825116589,61738.48724906344
950022,uav_U4,0.98,-288.98808667940796,0.38,2123.9883518748816,57994.67656945284
950023,uav_U4,0.98,-307.8693670259799,0.35,3007.11342147435,93341.97734603361
950024,uav_U4,0.98,-273.3528993416259,0.42,2259.564979555829,64182.12373831326
950025,uav_U4,0.98,-333.8850699484687,0.33,2588.767008510269,80432.1766279372
950026,uav_U4,0.98,-347.43392006330026,0.33,2790.153965781792,88205.37854266887
950027,uav_U4,0.98,-335.65384379277623,0.34,2301.884006780997,63540.05237860096
950028,uav_U4,0.98,-341.1539625985423,0.31,2746.9602634203325,83499.61007235381
950029,uav_U4,0.98,-352.31859560905934,0.34,2539.8463961623092,77249.48277759859
950000,uav_U5,0.98,-336.3934509621775,0.32,2168.805200877283,63555.69949938549
950001,uav_U5,0.98,-337.48019522145586,0.33,2202.8653308434873,59647.3014274506
950002,uav_U5,0.98,-249.42676639723342,0.45,1869.6356937048652,52222.53786016177
950003,uav_U5,0.98,-279.18341599824316,0.42,2310.1504083338373,62583.80470805273
950004,uav_U5,0.98,-295.165100614805,0.41,2569.056096224366,79052.19297724389
950005,uav_U5,0.98,-329.63181097736884,0.37,2680.1145761755524,86037.74635664205
950006,uav_U5,0.98,-297.8760195986934,0.42,2762.1074057911796,88659.3942553727
950007,uav_U5,0.98,-212.3782726273722,0.51,1960.2382260835577,58202.87021657262
950008,uav_U5,0.98,-313.8323408806841,0.38,2808.053250318007,85519.5361790882
950009,uav_U5,0.98,-259.3177846219612,0.46,2488.105686385593,76759.19789403412
950010,uav_U5,0.98,-262.56566702469064,0.46,2190.8386714624476,66817.6564733048
950011,uav_U5,0.98,-278.49540977535764,0.42,2428.381513502687,78807.5452392129
950012,uav_U5,0.98,-326.3700740758451,0.34,2461.920076545347,72525.12351141474
950013,uav_U5,0.98,-303.33146454408825,0.37,2259.0951219488234,65775.35930803558
950014,uav_U5,0.98,-208.83512728003032,0.54,2219.7562458004004,65542.72595647926
950015,uav_U5,0.98,-294.5507656367839,0.43,2473.1923143363083,76789.02744244943
950016,uav_U5,0.98,-327.58960987065143,0.34,2196.029420957869,59527.78296213281
950017,uav_U5,0.98,-334.3622556339598,0.34,2858.6808862356493,84372.24369796115
950018,uav_U5,0.98,-278.7700359679802,0.41,2032.8793815036895,58090.65511130682
950019,uav_U5,0.98,-298.5770076841142,0.41,2555.371908447018,79122.52079817263
950020,uav_U5,0.98,-265.5414973675967,0.41,1881.036275328841,55549.98367675514
950021,uav_U5,0.98,-256.01429955519404,0.46,2096.075778722892,60353.13998768292
950022,uav_U5,0.98,-287.3935920878764,0.38,2096.2740114695034,56693.61170271695
950023,uav_U5,0.98,-306.11800357172626,0.35,2962.5302567805024,91246.92716365967
950024,uav_U5,0.98,-267.954218834075,0.43,2228.8941244007424,62742.02383706118
950025,uav_U5,0.98,-332.2176419002115,0.33,2550.335339887235,78626.86755212377
950026,uav_U5,0.98,-337.9533472870119,0.35,2748.008144921388,86225.52603908567
950027,uav_U5,0.98,-333.80194628495275,0.34,2271.5293998767806,62114.56039972917
950028,uav_U5,0.98,-339.4111316922623,0.31,2707.063806434688,81625.60635803804
950029,uav_U5,0.98,-350.54735950215314,0.34,2502.937871944051,75515.7551258989
950000,uav_U6,0.98,-448.853870116981,0.23,3747.8561170654716,137855.7994403399
950001,uav_U6,0.98,-461.6104200614492,0.2,3684.3636471442983,129356.88498074102
950002,uav_U6,0.98,-362.7809772504116,0.34,3166.8772837813,113261.63031487087
950003,uav_U6,0.98,-413.7517533077229,0.24,3864.619573596127,135726.7265819781
950004,uav_U6,0.98,-436.0113711100907,0.23,4533.44393842978,171485.89807604929
950005,uav_U6,0.98,-453.2952670628292,0.21,4818.389119817552,186654.08684077428
950006,uav_U6,0.98,-428.7453543968128,0.25,4965.512860652455,192340.7247308736
950007,uav_U6,0.98,-357.9919809639396,0.3,3406.3684036234226,126249.05347807154
950008,uav_U6,0.98,-420.7879532101489,0.27,4933.126665056976,185514.89411015308
950009,uav_U6,0.98,-397.1777281779117,0.28,4395.550509935671,166513.94437803578
950010,uav_U6,0.98,-381.59446813596463,0.31,3851.1195510813827,144941.56162094817
950011,uav_U6,0.98,-402.1771219001825,0.29,4386.974324093269,170969.69166081108
950012,uav_U6,0.98,-440.320702906744,0.23,4263.8021687201135,157310.70584203562
950013,uav_U6,0.98,-421.88498954462625,0.24,3893.2561341564306,142668.48824884195
950014,uav_U6,0.98,-362.9128494644265,0.3,3848.224066513031,142168.9381328888
950015,uav_U6,0.98,-409.5072339774336,0.29,4381.387082625099,166578.42348503138
950016,uav_U6,0.98,-446.19341709433655,0.22,3674.5533827632967,129097.69283271399
950017,uav_U6,0.98,-443.0686533330292,0.24,4954.977774635287,183012.20463175845
950018,uav_U6,0.98,-407.3362711456403,0.26,3476.0607931985596,125997.75596136705
950019,uav_U6,0.98,-418.08869749409695,0.26,4521.557740147596,171640.9261350403
950020,uav_U6,0.98,-388.7733795323101,0.28,3261.2152768817887,120493.0116295403
950021,uav_U6,0.98,-380.95690687042924,0.31,3595.440794471823,130904.14963305097
950022,uav_U6,0.98,-413.8894596164789,0.23,3504.448545201496,122952.35782357995
950023,uav_U6,0.98,-433.63999480257667,0.22,5229.928712182409,197940.84078882847
950024,uav_U6,0.98,-406.3494120335527,0.25,3787.5350819613072,136081.37088863895
950025,uav_U6,0.98,-445.4281577941269,0.22,4504.198022676384,170565.1574665472
950026,uav_U6,0.98,-460.8589452513198,0.19,4890.772335522933,187052.7238658987
950027,uav_U6,0.98,-450.5513777485478,0.22,3814.3453340135616,134710.0036744034
950028,uav_U6,0.98,-447.5573109723788,0.22,4735.280788753066,177062.27404894933
950029,uav_U6,0.98,-449.8051183123298,0.25,4379.330771378165,163808.63633321435
950000,uav_U7,0.98,-336.3947724214409,0.32,2168.824002038956,63555.701635587604
950001,uav_U7,0.98,-337.4816858769588,0.33,2202.8835918356713,59647.303491628794
950002,uav_U7,0.98,-249.42798220734716,0.45,1869.652841799671,52222.53982607245
950003,uav_U7,0.98,-279.184539992017,0.42,2310.169949780949,62583.80691301999
950004,uav_U7,0.98,-295.1662906900718,0.41,2569.0752926006667,79052.19518438244
950005,uav_U7,0.98,-329.6329806942968,0.37,2680.1345788553863,86037.74863671241
950006,uav_U7,0.98,-297.87706452052555,0.42,2762.127498244814,88659.39655590449
950007,uav_U7,0.98,-212.37932715758566,0.51,1960.2544680081503,58202.87203649751
950008,uav_U7,0.98,-313.8335993803574,0.38,2808.0727373544937,85519.53833296061
950009,uav_U7,0.98,-259.31904960677815,0.46,2488.1233685374023,76759.19987665335
950010,uav_U7,0.98,-262.5667554932814,0.46,2190.8551645407397,66817.65837861868
950011,uav_U7,0.98,-278.49658531986563,0.42,2428.398405835386,78807.54720032623
950012,uav_U7,0.98,-326.3713790154147,0.34,2461.9406057055626,72525.12589378389
950013,uav_U7,0.98,-303.33280742617035,0.37,2259.1147829654074,65775.36154957181
950014,uav_U7,0.98,-208.83623665999568,0.54,2219.773903457601,65542.72797042015
950015,uav_U7,0.98,-294.5519165370035,0.43,2473.2112817905704,76789.02963457537
950016,uav_U7,0.98,-327.5909266136187,0.34,2196.0470856267425,59527.784942887345
950017,uav_U7,0.98,-334.363441348299,0.34,2858.70274255499,84372.24617634932
950018,uav_U7,0.98,-278.7712104006709,0.41,2032.896251994674,58090.656993168035
950019,uav_U7,0.98,-298.57820913902054,0.41,2555.3909286207386,79122.52292783113
950020,uav_U7,0.98,-265.5428226448711,0.41,1881.0515572096901,55549.98542396372
950021,uav_U7,0.98,-256.01541954217754,0.46,2096.0927885628685,60353.14192699948
950022,uav_U7,0.98,-287.39482487668386,0.38,2096.292770376675,56693.61380703851
950023,uav_U7,0.98,-306.1190820932758,0.35,2962.548154779068,91246.92919307643
950024,uav_U7,0.98,-267.9553447074656,0.43,2228.9134613521055,62742.026014202645
950025,uav_U7,0.98,-332.2189303987616,0.33,2550.3547459568167,78626.86974330853
950026,uav_U7,0.98,-337.95455155827324,0.35,2748.0289946136613,86225.52843612521
950027,uav_U7,0.98,-333.80321593171345,0.34,2271.547107250538,62114.56239449489
950028,uav_U7,0.98,-339.4124170419632,0.31,2707.0846226536046,81625.60867906836
950029,uav_U7,0.98,-350.5486781013505,0.34,2502.956702097853,75515.75728072999
950000,uav_U8,0.98,-442.19793382105354,0.23,3548.045158184851,128462.72582863782
950001,uav_U8,0.98,-454.17516753620964,0.2,3496.8906941200803,120544.14725229055
950002,uav_U8,0.98,-347.6427968900556,0.36,3002.709196694099,105545.0209876594
950003,uav_U8,0.98,-407.2313219429571,0.24,3667.9089026113065,126479.94326492277
950004,uav_U8,0.98,-425.80557362678866,0.24,4284.914587224963,159800.365153614
950005,uav_U8,0.98,-439.4320320459826,0.23,4547.868929238382,173934.1007096095
950006,uav_U8,0.98,-413.9671403301998,0.27,4686.757899558245,179233.26096871853
950007,uav_U8,0.98,-340.15665714575624,0.33,3223.3867484695775,117646.60599511045
950008,uav_U8,0.98,-413.70606734759076,0.27,4664.280485579126,172873.41412827966
950009,uav_U8,0.98,-379.509708945532,0.31,4154.234951544891,155167.08885001866
950010,uav_U8,0.98,-371.94846138553487,0.32,3641.0623738247523,135065.08310876857
950011,uav_U8,0.98,-391.74276013470904,0.3,4139.20045384322,159318.49175188254
950012,uav_U8,0.98,-425.06314432840253,0.25,4035.803638805512,146592.05033699766
950013,uav_U8,0.98,-411.8970150518318,0.25,3686.469596785358,132947.60168676035
950014,uav_U8,0.98,-348.62393397421624,0.32,3642.1771507673625,132481.7975686477
950015,uav_U8,0.98,-400.61953234989676,0.3,4139.963957695689,155227.18546446096
950016,uav_U8,0.98,-439.0001512856761,0.22,3487.462368217624,120302.6135428006
950017,uav_U8,0.98,-432.413811312771,0.25,4689.746018694972,170542.0713331573
950018,uav_U8,0.98,-388.01572695087197,0.29,3293.445683080288,117412.89072528636
950019,uav_U8,0.98,-400.8695810921203,0.29,4272.802835317604,159944.6861390924
950020,uav_U8,0.98,-377.52702672032376,0.29,3086.5807289711875,112282.86717302918
950021,uav_U8,0.98,-366.13074693290883,0.33,3405.721544383488,121985.03967497652
950022,uav_U8,0.98,-398.7183990753099,0.25,3326.240275689189,114575.87613342774
950023,uav_U8,0.98,-425.7136271414587,0.22,4943.105509497102,184452.5275866812
950024,uav_U8,0.98,-399.30232257181865,0.25,3590.299040965913,126809.75568754504
950025,uav_U8,0.98,-437.54872515284546,0.22,4256.997185449309,158942.2553152709
950026,uav_U8,0.98,-442.8282749980779,0.22,4619.676154109848,174306.07989256695
950027,uav_U8,0.98,-443.5930104532794,0.22,3619.1260752044245,125532.43493722413
950028,uav_U8,0.98,-440.5072153349998,0.22,4478.66604974166,164997.10410012276
950029,uav_U8,0.98,-443.9914738531553,0.25,4141.929416038151,152646.58876854868
950000,uav_U9,0.98,-382.9256894254875,0.28,2695.57400866923,88346.5748580563
950001,uav_U9,0.98,-406.8752469825974,0.23,2697.0875940451,82906.51071406812
950002,uav_U9,0.98,-286.62921249093574,0.42,2302.3847223796647,72588.761520972
950003,uav_U9,0.98,-325.70362567507715,0.36,2828.7135365625395,86988.57700947892
950004,uav_U9,0.98,-343.8217290931935,0.36,3224.3939734938526,109893.50589443065
950005,uav_U9,0.98,-365.1595690893245,0.34,3393.467194907502,119609.26765006041
950006,uav_U9,0.98,-345.71981029743654,0.36,3497.19107367248,123253.5764933977
950007,uav_U9,0.98,-264.65620669492927,0.44,2442.6698536752106,80907.07250863906
950008,uav_U9,0.98,-353.675672945439,0.34,3517.0038150205514,118883.86178648958
950009,uav_U9,0.98,-318.7103707929907,0.38,3124.4517136929003,106706.65369002368
950010,uav_U9,0.98,-311.0479973902684,0.4,2744.7223010456473,92884.37946872874
950011,uav_U9,0.98,-331.77554852962123,0.36,3081.7975319102206,109558.25144915377
950012,uav_U9,0.98,-372.6623636052671,0.29,3063.0297008032376,100814.57165905606
950013,uav_U9,0.98,-354.6338837683607,0.31,2804.247533092169,91431.42121651124
950014,uav_U9,0.98,-274.8434182055115,0.43,2763.0192504369106,91109.72987939305
950015,uav_U9,0.98,-359.2615492688611,0.33,3109.7820378949996,106748.04330613959
950016,uav_U9,0.98,-392.1690708442723,0.25,2689.262293822149,82740.38931161995
950017,uav_U9,0.98,-374.1455514275916,0.31,3558.0178719651967,117284.32744774448
950018,uav_U9,0.98,-323.87133597109886,0.36,2514.3239340890937,80748.45101069589
950019,uav_U9,0.98,-355.0301544025585,0.33,3211.3105959560535,109992.09509334445
950020,uav_U9,0.98,-314.13504720142015,0.36,2341.4675862173976,77218.79109362014
950021,uav_U9,0.98,-300.46205491356017,0.41,2596.265780354653,83893.09917435715
950022,uav_U9,0.98,-332.8742336969302,0.33,2566.0286159435996,78801.41832178332
950023,uav_U9,0.98,-370.3212247708075,0.26,3718.976903923896,126846.285820773
950024,uav_U9,0.98,-315.6504792337904,0.37,2748.850246924111,87212.33527954968
950025,uav_U9,0.98,-390.37609937263,0.25,3202.1603392654492,109302.8808875996
950026,uav_U9,0.98,-372.9789861069959,0.32,3462.854471214916,119867.40115764158
950027,uav_U9,0.98,-397.7629176201874,0.25,2786.2136416166427,86336.66268689091
950028,uav_U9,0.98,-382.3400528286173,0.27,3383.6906125120904,113468.88375423169
950029,uav_U9,0.98,-392.4415516329538,0.3,3128.917317878885,104975.44575387171
950000,uav_U10,0.98,-368.85876941462925,0.28,2442.255303699435,76420.1650792028
950001,uav_U10,0.98,-369.68724655166835,0.29,2459.4235485403497,71716.95612268722
950002,uav_U10,0.98,-270.8895414280522,0.43,2094.2883793843916,62790.967060371266
950003,uav_U10,0.98,-306.8755453750071,0.38,2579.3463584592487,75247.91447184054
950004,uav_U10,0.98,-322.7363430668777,0.38,2909.225219511506,95056.34545046589
950005,uav_U10,0.98,-354.3699364391536,0.34,3050.3929265000643,103458.65599602692
950006,uav_U10,0.98,-319.21693419372883,0.4,3143.6628851952205,106610.9821151691
950007,uav_U10,0.98,-249.21667694257894,0.45,2210.667342041599,69984.51998562987
950008,uav_U10,0.98,-334.88497587977906,0.36,3176.044554325211,102832.92738718135
950009,uav_U10,0.98,-294.13642346681024,0.41,2818.411541435545,92299.50980443633
950010,uav_U10,0.98,-283.62900863815946,0.44,2478.3469162524752,80344.18230386291
950011,uav_U10,0.98,-309.89834938416215,0.38,2767.5411172685835,94764.67887188363
950012,uav_U10,0.98,-352.32421047050684,0.31,2773.956208246939,87205.06600737682
950013,uav_U10,0.98,-342.6894366740469,0.31,2542.089388732022,79088.78711608789
950014,uav_U10,0.98,-240.90974184225072,0.49,2501.759429331119,78809.93868279399
950015,uav_U10,0.98,-327.8887550716174,0.38,2803.6314507769207,92335.33920281388
950016,uav_U10,0.98,-355.334834964814,0.31,2452.071059816169,71573.25406877586
950017,uav_U10,0.98,-357.0441088072479,0.32,3221.696099144288,101450.95977284233
950018,uav_U10,0.98,-296.1871038222593,0.4,2282.7996221974795,69848.22405402272
950019,uav_U10,0.98,-323.6348881408879,0.38,2895.851868194643,95141.33822381697
950020,uav_U10,0.98,-288.87489453422205,0.39,2120.0439145090536,66794.34707051741
950021,uav_U10,0.98,-273.21633813868107,0.45,2355.724127279356,72568.48045473824
950022,uav_U10,0.98,-305.1584794322098,0.37,2340.138141242561,68165.78198356145
950023,uav_U10,0.98,-333.3603587400699,0.32,3355.1597414207117,109720.11864500726
950024,uav_U10,0.98,-296.25663315815547,0.39,2498.811840090944,75440.14295336789
950025,uav_U10,0.98,-362.4691986370877,0.29,2888.68267749555,94545.24286041879
950026,uav_U10,0.98,-362.43109697405987,0.32,3119.066104571105,103682.94423026254
950027,uav_U10,0.98,-361.22597540291633,0.31,2538.7027865724745,74683.87812137922
950028,uav_U10,0.98,-357.83560156538095,0.3,3058.2887562850037,98149.69776007548
950029,uav_U10,0.98,-377.23872234398874,0.31,2827.8704057560312,90802.95737678306
