training_seed,saved_episode,test_seed,method,reward,success_rate,mean_latency_ms,mean_energy_mJ
42,10,950000,CA-MADDPG-V2.2 Seed 42,-233.28843859325622,0.46,1513.0782561265846,34473.36816952168
42,10,950001,CA-MADDPG-V2.2 Seed 42,-249.19222532646882,0.44,1586.3745644985952,32384.04413183258
42,10,950002,CA-MADDPG-V2.2 Seed 42,-188.6861558013081,0.5,1329.448863625593,28347.159441292366
42,10,950003,CA-MADDPG-V2.2 Seed 42,-206.6120174208381,0.52,1664.6804492798228,33944.496172607054
42,10,950004,CA-MADDPG-V2.2 Seed 42,-212.90586128664637,0.51,1752.25515846255,42898.23886136604
42,10,950005,CA-MADDPG-V2.2 Seed 42,-255.64892092406777,0.46,1790.5549536431458,46688.48948865347
42,10,950006,CA-MADDPG-V2.2 Seed 42,-220.76634910151267,0.51,1846.3471548703951,48123.456785694754
42,10,950007,CA-MADDPG-V2.2 Seed 42,-131.33849319077837,0.61,1358.1184765616113,31599.68195376308
42,10,950008,CA-MADDPG-V2.2 Seed 42,-262.70123269666755,0.42,1927.471835212693,46198.60697451812
42,10,950009,CA-MADDPG-V2.2 Seed 42,-185.87368153107576,0.54,1694.982793266086,41602.70130364841
42,10,950010,CA-MADDPG-V2.2 Seed 42,-182.76576788472832,0.56,1500.986272455038,36255.19865401823
42,10,950011,CA-MADDPG-V2.2 Seed 42,-178.3118059565137,0.56,1615.0371372971622,42750.873618841724
42,10,950012,CA-MADDPG-V2.2 Seed 42,-244.47856807795716,0.44,1715.2489774188757,39232.93222710225
42,10,950013,CA-MADDPG-V2.2 Seed 42,-213.0505056084983,0.48,1579.2122857401462,35726.60840624204
42,10,950014,CA-MADDPG-V2.2 Seed 42,-143.47343323979308,0.62,1544.7313572746123,35478.37034557056
42,10,950015,CA-MADDPG-V2.2 Seed 42,-220.64152935037473,0.51,1680.0250563836391,41684.397421457164
42,10,950016,CA-MADDPG-V2.2 Seed 42,-236.5026132141482,0.46,1580.5904760808799,32321.25467335968
42,10,950017,CA-MADDPG-V2.2 Seed 42,-256.09289408836423,0.43,1986.8142151942084,45793.645250765134
42,10,950018,CA-MADDPG-V2.2 Seed 42,-200.21938541310922,0.51,1433.6494088023985,31498.67106033972
42,10,950019,CA-MADDPG-V2.2 Seed 42,-206.96561500070186,0.52,1737.9567162263866,42893.59820753858
42,10,950020,CA-MADDPG-V2.2 Seed 42,-183.23435959544125,0.51,1307.0821683905783,30140.057099963808
42,10,950021,CA-MADDPG-V2.2 Seed 42,-187.17229162362563,0.53,1472.1871807691653,32754.20135969913
42,10,950022,CA-MADDPG-V2.2 Seed 42,-186.8189591195499,0.54,1511.8411726924346,30725.84314995958
42,10,950023,CA-MADDPG-V2.2 Seed 42,-207.08117277750614,0.49,2024.1527491706763,49239.566218662905
42,10,950024,CA-MADDPG-V2.2 Seed 42,-194.37861115033277,0.53,1581.7484094066087,34026.66973899357
42,10,950025,CA-MADDPG-V2.2 Seed 42,-241.93113451749682,0.46,1740.492570443421,42533.252628208946
42,10,950026,CA-MADDPG-V2.2 Seed 42,-260.59848872707056,0.45,1856.5758501259572,46793.68881791084
42,10,950027,CA-MADDPG-V2.2 Seed 42,-242.41914087816605,0.46,1629.5361873767613,33725.08668798863
42,10,950028,CA-MADDPG-V2.2 Seed 42,-241.8000254128005,0.45,1865.0653895503679,44238.16575468358
42,10,950029,CA-MADDPG-V2.2 Seed 42,-267.38355863867037,0.44,1723.1037039405512,40988.87086986527
42,10,950030,CA-MADDPG-V2.2 Seed 42,-221.91384863076806,0.47,1533.1746765809655,37850.07212101437
42,10,950031,CA-MADDPG-V2.2 Seed 42,-254.43291559131305,0.46,1743.1959019625262,41297.980144032466
42,10,950032,CA-MADDPG-V2.2 Seed 42,-246.51128723944856,0.44,1600.1040120590842,32155.641713364344
42,10,950033,CA-MADDPG-V2.2 Seed 42,-214.01245954824026,0.5,1778.7072001858576,40848.57568505648
42,10,950034,CA-MADDPG-V2.2 Seed 42,-229.13456421224,0.49,1765.6707051023864,45338.02918703852
42,10,950035,CA-MADDPG-V2.2 Seed 42,-224.45390434384956,0.49,1731.0782338511406,41634.93008529394
42,10,950036,CA-MADDPG-V2.2 Seed 42,-227.24636788372732,0.49,1703.1904019843348,39315.48244852184
42,10,950037,CA-MADDPG-V2.2 Seed 42,-230.57210633175563,0.47,1776.9001663134095,42781.27618090151
42,10,950038,CA-MADDPG-V2.2 Seed 42,-158.16728222994243,0.58,1356.713862319129,32146.523040284563
42,10,950039,CA-MADDPG-V2.2 Seed 42,-187.99762568217744,0.51,1495.4673738354145,32619.59465075276
42,10,950040,CA-MADDPG-V2.2 Seed 42,-156.89144784088882,0.57,1512.4567452388924,32294.824162576628
42,10,950041,CA-MADDPG-V2.2 Seed 42,-255.74182175139842,0.43,1886.34689050597,43965.198839900746
42,10,950042,CA-MADDPG-V2.2 Seed 42,-213.80358945703057,0.5,1689.2647187913408,39328.781591202234
42,10,950043,CA-MADDPG-V2.2 Seed 42,-164.55451912847442,0.56,1627.7935028497036,36617.340537464814
42,10,950044,CA-MADDPG-V2.2 Seed 42,-179.2481104245738,0.54,1441.007519998197,33197.807273379134
42,10,950045,CA-MADDPG-V2.2 Seed 42,-215.4749279964616,0.49,1618.1831610253869,41886.77008778513
42,10,950046,CA-MADDPG-V2.2 Seed 42,-219.59784502562897,0.49,1653.1806707497194,39149.86345078905
42,10,950047,CA-MADDPG-V2.2 Seed 42,-239.10345021409827,0.46,1541.6856059304275,29120.491622410293
42,10,950048,CA-MADDPG-V2.2 Seed 42,-259.4599227324794,0.45,2038.9110742319472,50034.05729947443
42,10,950049,CA-MADDPG-V2.2 Seed 42,-242.05288171437775,0.43,1880.9183942342072,41390.15937840697
42,10,950050,CA-MADDPG-V2.2 Seed 42,-262.1979791382635,0.44,2132.1363785039084,51447.50546088745
42,10,950051,CA-MADDPG-V2.2 Seed 42,-264.79673547843765,0.44,2031.6051565684547,45055.47581891785
42,10,950052,CA-MADDPG-V2.2 Seed 42,-201.25284165244386,0.55,1543.6666745850255,34050.770338741626
42,10,950053,CA-MADDPG-V2.2 Seed 42,-266.09761741936535,0.45,1947.7332250519214,53210.2005851734
42,10,950054,CA-MADDPG-V2.2 Seed 42,-227.0969194338095,0.49,1806.2641174575065,37643.14685634694
42,10,950055,CA-MADDPG-V2.2 Seed 42,-241.20845075810703,0.46,1734.398277244989,44589.950927170656
42,10,950056,CA-MADDPG-V2.2 Seed 42,-226.89114637389488,0.48,1716.9145670140133,39843.673058583954
42,10,950057,CA-MADDPG-V2.2 Seed 42,-178.7280006671064,0.58,1591.7003333567616,37167.57830105909
42,10,950058,CA-MADDPG-V2.2 Seed 42,-275.84961412162596,0.44,2047.9201255833377,55003.77821892367
42,10,950059,CA-MADDPG-V2.2 Seed 42,-197.67137284835738,0.52,1811.41991202386,39415.883147916575
42,10,950060,CA-MADDPG-V2.2 Seed 42,-201.39658727298536,0.53,1664.3601260708338,37252.805304900416
42,10,950061,CA-MADDPG-V2.2 Seed 42,-212.52278818782366,0.51,1747.0102305583473,43326.666886571234
42,10,950062,CA-MADDPG-V2.2 Seed 42,-197.02249013383963,0.52,1543.6911560306764,36373.41482268716
42,10,950063,CA-MADDPG-V2.2 Seed 42,-280.09945305882314,0.41,2161.3663836462024,58970.46428188882
42,10,950064,CA-MADDPG-V2.2 Seed 42,-237.85947813904198,0.47,1706.278470139747,39874.88195965255
42,10,950065,CA-MADDPG-V2.2 Seed 42,-226.281446271188,0.47,1594.8054543591613,35898.492742080285
42,10,950066,CA-MADDPG-V2.2 Seed 42,-196.61297622134472,0.51,1631.2559478673293,40244.96271969433
42,10,950067,CA-MADDPG-V2.2 Seed 42,-251.47786777608184,0.45,1890.6585638196445,42211.29034655311
42,10,950068,CA-MADDPG-V2.2 Seed 42,-265.84170548944024,0.41,2328.547572017355,56360.335175658554
42,10,950069,CA-MADDPG-V2.2 Seed 42,-166.5383074247861,0.56,1517.1403992360572,36938.80001757087
42,10,950070,CA-MADDPG-V2.2 Seed 42,-216.06627697706702,0.49,1704.3003345231052,38037.54566582881
42,10,950071,CA-MADDPG-V2.2 Seed 42,-136.49128152825432,0.6,1301.8306165899203,29335.261630643872
42,10,950072,CA-MADDPG-V2.2 Seed 42,-219.43352609787576,0.5,1800.890413100985,43994.96774097359
42,10,950073,CA-MADDPG-V2.2 Seed 42,-225.22285990135055,0.47,1838.3148066541007,37580.88179703044
42,10,950074,CA-MADDPG-V2.2 Seed 42,-153.16626183863414,0.61,1504.903681367774,34414.534168257924
42,10,950075,CA-MADDPG-V2.2 Seed 42,-182.03447013426788,0.56,1513.105644958628,36314.48548783125
42,10,950076,CA-MADDPG-V2.2 Seed 42,-205.7508446002318,0.5,1470.7719361320096,33291.785227832544
42,10,950077,CA-MADDPG-V2.2 Seed 42,-195.74205522693234,0.52,1617.7043687877197,39232.153682792
42,10,950078,CA-MADDPG-V2.2 Seed 42,-247.8238480035282,0.45,1791.6737506510829,43141.94825450567
42,10,950079,CA-MADDPG-V2.2 Seed 42,-195.71131472361276,0.49,1357.9130101304584,29332.019677178396
42,10,950080,CA-MADDPG-V2.2 Seed 42,-283.0606559688897,0.42,1950.4836484822808,53332.515938670986
42,10,950081,CA-MADDPG-V2.2 Seed 42,-231.57851836455674,0.47,1691.6318424408228,41898.58973874632
42,10,950082,CA-MADDPG-V2.2 Seed 42,-143.12102327259137,0.6,1507.7493523939527,34558.13948214036
42,10,950083,CA-MADDPG-V2.2 Seed 42,-242.5658388702625,0.46,1556.7372538044153,36162.44320553783
42,10,950084,CA-MADDPG-V2.2 Seed 42,-184.010167927779,0.52,1697.4387360387482,41648.81708034724
42,10,950085,CA-MADDPG-V2.2 Seed 42,-187.38735604252057,0.51,1506.1490292923104,35229.57829362015
42,10,950086,CA-MADDPG-V2.2 Seed 42,-180.95760137922795,0.52,1458.335621875286,35596.057980168305
42,10,950087,CA-MADDPG-V2.2 Seed 42,-200.45014825614294,0.52,1600.2036105842249,37973.448448211646
42,10,950088,CA-MADDPG-V2.2 Seed 42,-256.922510591222,0.44,1718.5972738083544,40411.0996833642
42,10,950089,CA-MADDPG-V2.2 Seed 42,-143.3725891713944,0.61,1434.3856603529491,35602.43266457264
42,10,950090,CA-MADDPG-V2.2 Seed 42,-239.038436734377,0.44,2095.4367514022542,50433.76314979307
42,10,950091,CA-MADDPG-V2.2 Seed 42,-256.67207121675796,0.42,1714.6087034120437,41885.49382868698
42,10,950092,CA-MADDPG-V2.2 Seed 42,-210.2900073280021,0.5,1609.5286807804846,40977.25157734818
42,10,950093,CA-MADDPG-V2.2 Seed 42,-225.85326282637308,0.5,1755.0638985657172,42041.26733935771
42,10,950094,CA-MADDPG-V2.2 Seed 42,-196.7103452321709,0.5,1501.8972429716127,36096.06870612899
42,10,950095,CA-MADDPG-V2.2 Seed 42,-251.19950622525863,0.42,1523.9310018428152,35460.66897952897
42,10,950096,CA-MADDPG-V2.2 Seed 42,-262.87170467958873,0.43,1651.8710706299871,30430.350071518766
42,10,950097,CA-MADDPG-V2.2 Seed 42,-256.13719525663527,0.42,2251.3199901764306,54256.63441605648
42,10,950098,CA-MADDPG-V2.2 Seed 42,-194.21749333412674,0.54,1584.2825651350968,35550.47579469049
42,10,950099,CA-MADDPG-V2.2 Seed 42,-226.78530503283048,0.48,1836.5162302664655,40492.05315010021
43,10,950000,CA-MADDPG-V2.2 Seed 43,-231.84093314156334,0.46,1494.2510792540913,33210.32708870718
43,10,950001,CA-MADDPG-V2.2 Seed 43,-238.64377112633414,0.46,1568.3091636189286,31152.69174375115
43,10,950002,CA-MADDPG-V2.2 Seed 43,-182.52574231079285,0.51,1314.1726682598953,27228.325380017985
43,10,950003,CA-MADDPG-V2.2 Seed 43,-198.0821998188128,0.53,1650.0937929745267,32913.96119112061
43,10,950004,CA-MADDPG-V2.2 Seed 43,-210.6495271915331,0.51,1713.9426364364176,40635.38381801576
43,10,950005,CA-MADDPG-V2.2 Seed 43,-248.62993861959598,0.47,1758.9780707411091,44634.86201871491
43,10,950006,CA-MADDPG-V2.2 Seed 43,-217.38936407914673,0.51,1804.4892412972883,45756.91103153289
43,10,950007,CA-MADDPG-V2.2 Seed 43,-126.89792141824603,0.61,1338.3933793260348,30224.54223960066
43,10,950008,CA-MADDPG-V2.2 Seed 43,-261.7882587243084,0.42,1927.8336541336307,45841.512205915715
43,10,950009,CA-MADDPG-V2.2 Seed 43,-181.1291829635823,0.54,1660.148234418845,39671.65994621585
43,10,950010,CA-MADDPG-V2.2 Seed 43,-173.9203096204871,0.57,1481.0155088865215,35050.988876172065
43,10,950011,CA-MADDPG-V2.2 Seed 43,-178.95985125219093,0.55,1592.6330494695812,41271.93189174805
43,10,950012,CA-MADDPG-V2.2 Seed 43,-241.0237748511752,0.44,1694.3674960077988,37871.7938903808
43,10,950013,CA-MADDPG-V2.2 Seed 43,-209.12660346045843,0.48,1555.5654164306934,34171.827428192206
43,10,950014,CA-MADDPG-V2.2 Seed 43,-146.76028702313678,0.61,1534.404103294785,34547.931214016426
43,10,950015,CA-MADDPG-V2.2 Seed 43,-216.81611930613548,0.51,1640.7935291607687,39471.53318428377
43,10,950016,CA-MADDPG-V2.2 Seed 43,-225.17314751361084,0.48,1563.0003038429218,31140.98445370275
43,10,950017,CA-MADDPG-V2.2 Seed 43,-251.974172180389,0.43,1955.7365318401787,43704.205152098315
43,10,950018,CA-MADDPG-V2.2 Seed 43,-198.74508187252462,0.51,1422.584394305774,30559.47351221281
43,10,950019,CA-MADDPG-V2.2 Seed 43,-200.23715511739127,0.53,1713.1892337090262,41398.45081328396
43,10,950020,CA-MADDPG-V2.2 Seed 43,-170.40012341673355,0.54,1294.6264280622806,29163.26441854726
43,10,950021,CA-MADDPG-V2.2 Seed 43,-181.78121645635312,0.54,1454.2457753702424,31501.903636409497
43,10,950022,CA-MADDPG-V2.2 Seed 43,-190.31687356738064,0.53,1502.214646737066,29893.288168581934
43,10,950023,CA-MADDPG-V2.2 Seed 43,-205.35898042213213,0.49,1990.4899316665976,47380.21715810756
43,10,950024,CA-MADDPG-V2.2 Seed 43,-185.75778163024802,0.54,1566.4641754303793,32991.9977693377
43,10,950025,CA-MADDPG-V2.2 Seed 43,-240.54729879921229,0.46,1720.7340840415436,41254.237643686676
43,10,950026,CA-MADDPG-V2.2 Seed 43,-256.9278005303564,0.45,1829.968750802183,44868.51372922731
43,10,950027,CA-MADDPG-V2.2 Seed 43,-231.12815940328517,0.48,1609.8042011390767,32446.85682040555
43,10,950028,CA-MADDPG-V2.2 Seed 43,-240.5244204680525,0.45,1848.5172663422286,42817.72053454164
43,10,950029,CA-MADDPG-V2.2 Seed 43,-259.0590562928251,0.45,1695.5011985124802,39297.316540600215
43,10,950030,CA-MADDPG-V2.2 Seed 43,-212.01959951760784,0.49,1509.0839033370046,36389.74077844967
43,10,950031,CA-MADDPG-V2.2 Seed 43,-249.88254142885233,0.46,1711.584973059345,39322.17563850155
43,10,950032,CA-MADDPG-V2.2 Seed 43,-234.6223167827909,0.46,1581.809963129783,30941.71652236384
43,10,950033,CA-MADDPG-V2.2 Seed 43,-208.36320374884207,0.51,1769.4976449095973,39912.703139513505
43,10,950034,CA-MADDPG-V2.2 Seed 43,-221.61489680535186,0.5,1736.7246071141126,43516.046460189464
43,10,950035,CA-MADDPG-V2.2 Seed 43,-217.54210818580358,0.5,1695.3543588829768,39667.25462965493
43,10,950036,CA-MADDPG-V2.2 Seed 43,-221.2739909307252,0.5,1674.125756165676,37511.056235346645
43,10,950037,CA-MADDPG-V2.2 Seed 43,-227.25309730539735,0.47,1761.7087917555746,41745.68165888155
43,10,950038,CA-MADDPG-V2.2 Seed 43,-153.6150837087606,0.58,1341.659534543836,31045.841418886368
43,10,950039,CA-MADDPG-V2.2 Seed 43,-184.50553645688296,0.51,1477.2305299318666,31343.465603040877
43,10,950040,CA-MADDPG-V2.2 Seed 43,-153.3743315190127,0.57,1491.8750734063644,30923.038086520042
43,10,950041,CA-MADDPG-V2.2 Seed 43,-254.34662455504153,0.43,1864.6574332906698,42430.46818149648
43,10,950042,CA-MADDPG-V2.2 Seed 43,-210.8150978125928,0.5,1659.580282864979,37418.01223200181
43,10,950043,CA-MADDPG-V2.2 Seed 43,-165.89337963353952,0.55,1609.1311463765646,35212.819721047505
43,10,950044,CA-MADDPG-V2.2 Seed 43,-173.78832152070268,0.55,1428.2781893699516,32247.652849744245
43,10,950045,CA-MADDPG-V2.2 Seed 43,-208.4507628719839,0.5,1608.8203314545324,41012.954645619204
43,10,950046,CA-MADDPG-V2.2 Seed 43,-216.43417629960746,0.49,1616.6061649926146,37130.14205159811
43,10,950047,CA-MADDPG-V2.2 Seed 43,-237.39159272627248,0.46,1526.1461774793881,27974.32197001933
43,10,950048,CA-MADDPG-V2.2 Seed 43,-252.9063833934125,0.46,2008.6307747084452,48365.20476833077
43,10,950049,CA-MADDPG-V2.2 Seed 43,-229.55680125479046,0.45,1849.3374448943587,39363.19796702626
43,10,950050,CA-MADDPG-V2.2 Seed 43,-257.50773301602413,0.44,2109.7125947004056,49651.59593397726
43,10,950051,CA-MADDPG-V2.2 Seed 43,-263.8756225585327,0.44,2001.975563890676,43284.853491799375
43,10,950052,CA-MADDPG-V2.2 Seed 43,-192.69847260789888,0.56,1517.4635939304505,32561.471957234
43,10,950053,CA-MADDPG-V2.2 Seed 43,-267.46639119453215,0.44,1897.7553436827775,50511.32812014718
43,10,950054,CA-MADDPG-V2.2 Seed 43,-230.29468501466482,0.48,1791.736766101073,36445.45804630909
43,10,950055,CA-MADDPG-V2.2 Seed 43,-233.50421005185873,0.47,1709.648335980932,42834.016937332955
43,10,950056,CA-MADDPG-V2.2 Seed 43,-223.71079285916528,0.48,1702.8262066466527,38880.575510323404
43,10,950057,CA-MADDPG-V2.2 Seed 43,-170.4656778350433,0.59,1562.0379113219428,35511.54944326983
43,10,950058,CA-MADDPG-V2.2 Seed 43,-276.8897020654065,0.43,1995.0965347151077,52180.67267606593
43,10,950059,CA-MADDPG-V2.2 Seed 43,-193.95386529439187,0.52,1787.7755373922382,37928.67541488623
43,10,950060,CA-MADDPG-V2.2 Seed 43,-193.88778703730966,0.54,1637.6249173971314,35673.83945069884
43,10,950061,CA-MADDPG-V2.2 Seed 43,-206.12781408170835,0.52,1719.0757232705575,41674.598450096775
43,10,950062,CA-MADDPG-V2.2 Seed 43,-191.40302167033408,0.53,1528.6299526235225,35238.45233493991
43,10,950063,CA-MADDPG-V2.2 Seed 43,-278.57158327122136,0.41,2159.4695930145785,58241.21394540206
43,10,950064,CA-MADDPG-V2.2 Seed 43,-235.73799343506417,0.47,1678.6336132587517,38168.44912504716
43,10,950065,CA-MADDPG-V2.2 Seed 43,-223.88884099723728,0.47,1584.5709566390892,35044.520547460605
43,10,950066,CA-MADDPG-V2.2 Seed 43,-192.09131782843664,0.51,1611.981285481712,38918.132665022036
43,10,950067,CA-MADDPG-V2.2 Seed 43,-242.86848992702684,0.47,1885.9081136294583,41397.138905897926
43,10,950068,CA-MADDPG-V2.2 Seed 43,-256.943133865667,0.42,2305.7656320805386,55067.989597485954
43,10,950069,CA-MADDPG-V2.2 Seed 43,-166.47718552818387,0.55,1490.822915664106,35184.396277537075
43,10,950070,CA-MADDPG-V2.2 Seed 43,-207.81779976906253,0.5,1687.960808121522,36942.48026289835
43,10,950071,CA-MADDPG-V2.2 Seed 43,-127.96644560757031,0.61,1289.0473170158539,28368.8865905695
43,10,950072,CA-MADDPG-V2.2 Seed 43,-216.02573680975573,0.5,1764.7647330207512,41905.751179140556
43,10,950073,CA-MADDPG-V2.2 Seed 43,-224.85655962220756,0.46,1833.6784333775583,36863.344757126295
43,10,950074,CA-MADDPG-V2.2 Seed 43,-152.69287854133427,0.61,1495.079104990908,33480.63346149871
43,10,950075,CA-MADDPG-V2.2 Seed 43,-172.70390245196901,0.57,1488.615376437819,34881.51219542516
43,10,950076,CA-MADDPG-V2.2 Seed 43,-202.58006306566688,0.5,1454.833268212711,32138.539854225804
43,10,950077,CA-MADDPG-V2.2 Seed 43,-188.1350928610846,0.53,1586.506877866697,37369.69724708011
43,10,950078,CA-MADDPG-V2.2 Seed 43,-245.56664793978894,0.45,1781.1184927249553,42268.54739471398
43,10,950079,CA-MADDPG-V2.2 Seed 43,-189.39947084007878,0.5,1339.5061014096148,28109.004699817062
43,10,950080,CA-MADDPG-V2.2 Seed 43,-282.3161440339995,0.41,1909.9247062247534,50974.30393074218
43,10,950081,CA-MADDPG-V2.2 Seed 43,-225.70506143474893,0.48,1679.037971615524,41043.174747742334
43,10,950082,CA-MADDPG-V2.2 Seed 43,-138.9013524077562,0.6,1487.506924868809,33229.56298413779
43,10,950083,CA-MADDPG-V2.2 Seed 43,-241.44660200095316,0.46,1543.6610737657986,35067.68989607413
43,10,950084,CA-MADDPG-V2.2 Seed 43,-179.80686118198642,0.52,1677.0193288792912,40410.24454623602
43,10,950085,CA-MADDPG-V2.2 Seed 43,-191.27487606947182,0.5,1506.973624053326,34576.49891831708
43,10,950086,CA-MADDPG-V2.2 Seed 43,-180.30071600801452,0.52,1452.2191819049012,34763.55743431903
43,10,950087,CA-MADDPG-V2.2 Seed 43,-196.7233707860305,0.52,1569.2291459910546,36052.59623513292
43,10,950088,CA-MADDPG-V2.2 Seed 43,-255.69079345564458,0.44,1704.9824290795564,39081.27017222285
43,10,950089,CA-MADDPG-V2.2 Seed 43,-135.11813829225352,0.62,1411.331934154837,34200.24480302095
43,10,950090,CA-MADDPG-V2.2 Seed 43,-231.66121812064696,0.45,2071.6899769241127,49109.71154848946
43,10,950091,CA-MADDPG-V2.2 Seed 43,-256.0762585883284,0.41,1686.045333375943,40250.61962718212
43,10,950092,CA-MADDPG-V2.2 Seed 43,-206.96329817054203,0.5,1583.3535288477076,39434.9974980267
43,10,950093,CA-MADDPG-V2.2 Seed 43,-222.74787152130978,0.5,1722.162148956795,40039.49210106104
43,10,950094,CA-MADDPG-V2.2 Seed 43,-184.15894576468645,0.53,1486.4157057276561,34959.320216877015
43,10,950095,CA-MADDPG-V2.2 Seed 43,-245.3809197415561,0.43,1511.119099059958,34450.17675356852
43,10,950096,CA-MADDPG-V2.2 Seed 43,-265.18028240707866,0.42,1640.9731402864188,29462.292191672277
43,10,950097,CA-MADDPG-V2.2 Seed 43,-247.42343964627344,0.43,2237.681369839357,53129.78574070586
43,10,950098,CA-MADDPG-V2.2 Seed 43,-187.26250343331134,0.55,1559.9239100503216,34107.98780493663
43,10,950099,CA-MADDPG-V2.2 Seed 43,-223.4016470102997,0.48,1822.1626990253626,39270.39735836954
44,10,950000,CA-MADDPG-V2.2 Seed 44,-234.33887249864958,0.46,1526.2439123387035,33316.661229024154
44,10,950001,CA-MADDPG-V2.2 Seed 44,-262.4054190118202,0.41,1599.8497167743947,31276.519459779756
44,10,950002,CA-MADDPG-V2.2 Seed 44,-189.72612128596347,0.5,1341.7175295904394,27380.529490256336
44,10,950003,CA-MADDPG-V2.2 Seed 44,-207.52630232488374,0.52,1677.6340794440682,32815.725778265034
44,10,950004,CA-MADDPG-V2.2 Seed 44,-213.92293825583334,0.51,1769.4925504463222,41433.02759390364
44,10,950005,CA-MADDPG-V2.2 Seed 44,-256.9091166027191,0.46,1809.8459340304776,45088.37289596546
44,10,950006,CA-MADDPG-V2.2 Seed 44,-221.89571537623044,0.51,1865.3830147109466,46462.622263836696
44,10,950007,CA-MADDPG-V2.2 Seed 44,-132.46757245770388,0.61,1371.5902040813799,30509.063650081065
44,10,950008,CA-MADDPG-V2.2 Seed 44,-263.55134466696734,0.42,1943.3090218260293,44822.91032352396
44,10,950009,CA-MADDPG-V2.2 Seed 44,-187.02669760534596,0.54,1711.4360955540687,40230.2968234997
44,10,950010,CA-MADDPG-V2.2 Seed 44,-183.83158647985735,0.56,1515.1523343169592,35022.37906666216
44,10,950011,CA-MADDPG-V2.2 Seed 44,-179.3771187290443,0.56,1631.289448499921,41298.91040005482
44,10,950012,CA-MADDPG-V2.2 Seed 44,-245.57490218453148,0.44,1728.7168835621678,38018.654169352936
44,10,950013,CA-MADDPG-V2.2 Seed 44,-218.22252724455396,0.47,1593.9206769428017,34480.97522693957
44,10,950014,CA-MADDPG-V2.2 Seed 44,-144.19786180738632,0.62,1557.111043383362,34356.99782996107
44,10,950015,CA-MADDPG-V2.2 Seed 44,-221.84107404280178,0.51,1696.5140271842706,40246.054645045784
44,10,950016,CA-MADDPG-V2.2 Seed 44,-249.6970346751162,0.43,1594.2031805608733,31213.843823240328
44,10,950017,CA-MADDPG-V2.2 Seed 44,-257.13132935545144,0.43,2005.3994706382603,44227.21944994084
44,10,950018,CA-MADDPG-V2.2 Seed 44,-205.2905912741919,0.5,1445.6346593460971,30453.475797800333
44,10,950019,CA-MADDPG-V2.2 Seed 44,-212.30737433899895,0.51,1754.794486098041,41468.85022826888
44,10,950020,CA-MADDPG-V2.2 Seed 44,-184.32796692688012,0.51,1319.3519974559538,29119.130043089357
44,10,950021,CA-MADDPG-V2.2 Seed 44,-188.17120650140478,0.53,1485.8742454729463,31639.91854508085
44,10,950022,CA-MADDPG-V2.2 Seed 44,-187.62768669847048,0.54,1523.292249902534,29727.290398227116
44,10,950023,CA-MADDPG-V2.2 Seed 44,-208.08428970382772,0.49,2039.8512780280998,47824.08682234149
44,10,950024,CA-MADDPG-V2.2 Seed 44,-195.2257994559853,0.53,1594.6785794775228,32894.002563802416
44,10,950025,CA-MADDPG-V2.2 Seed 44,-242.88624477160573,0.46,1755.2708238475066,41209.35014080436
44,10,950026,CA-MADDPG-V2.2 Seed 44,-261.8390278727565,0.45,1875.8632646779256,45190.330712784045
44,10,950027,CA-MADDPG-V2.2 Seed 44,-255.61778812848925,0.43,1643.5405332006287,32569.274049094332
44,10,950028,CA-MADDPG-V2.2 Seed 44,-246.9155563168678,0.44,1881.7240594325642,42784.29849342376
44,10,950029,CA-MADDPG-V2.2 Seed 44,-268.5350597255813,0.44,1739.3922462816838,39581.864491757864
44,10,950030,CA-MADDPG-V2.2 Seed 44,-223.00677941139497,0.47,1548.3336285431228,36554.99118448595
44,10,950031,CA-MADDPG-V2.2 Seed 44,-255.59271008082928,0.46,1759.8788839119254,39867.52878573346
44,10,950032,CA-MADDPG-V2.2 Seed 44,-259.6426738116768,0.41,1613.4999955243538,31057.087663933762
44,10,950033,CA-MADDPG-V2.2 Seed 44,-214.97301725605837,0.5,1793.4840806027644,39528.386560634215
44,10,950034,CA-MADDPG-V2.2 Seed 44,-234.11210818632836,0.48,1782.0708073029837,43849.83978001779
44,10,950035,CA-MADDPG-V2.2 Seed 44,-229.8190961486727,0.48,1747.6796151929427,40254.24288489576
44,10,950036,CA-MADDPG-V2.2 Seed 44,-228.3641878373895,0.49,1719.4659105991832,37973.86399119072
44,10,950037,CA-MADDPG-V2.2 Seed 44,-231.56647579528627,0.47,1791.263158176619,41479.26309511301
44,10,950038,CA-MADDPG-V2.2 Seed 44,-159.28614870460453,0.58,1370.6964402044105,31027.881507047205
44,10,950039,CA-MADDPG-V2.2 Seed 44,-189.1610307582327,0.51,1509.31190789906,31485.65376024043
44,10,950040,CA-MADDPG-V2.2 Seed 44,-162.0287096719499,0.56,1526.0825115675193,31176.70965315004
44,10,950041,CA-MADDPG-V2.2 Seed 44,-264.82260397201685,0.41,1902.7915082282834,42523.23587486802
44,10,950042,CA-MADDPG-V2.2 Seed 44,-214.82149980681146,0.5,1705.3234329808536,37974.34587553667
44,10,950043,CA-MADDPG-V2.2 Seed 44,-169.5978899226871,0.55,1642.9799288108652,35350.20649295597
44,10,950044,CA-MADDPG-V2.2 Seed 44,-180.1443668744787,0.54,1453.1894421390473,32097.890312943957
44,10,950045,CA-MADDPG-V2.2 Seed 44,-220.35449307039505,0.48,1633.6064994160288,40510.0238940067
44,10,950046,CA-MADDPG-V2.2 Seed 44,-224.96641481011312,0.48,1669.0173959163947,37854.11990997457
44,10,950047,CA-MADDPG-V2.2 Seed 44,-248.22407038334197,0.44,1553.7648922544508,28121.27854635539
44,10,950048,CA-MADDPG-V2.2 Seed 44,-260.61881458866503,0.45,2056.326481819202,48532.635791431174
44,10,950049,CA-MADDPG-V2.2 Seed 44,-243.1403397828544,0.43,1896.9101930476475,39984.770863134756
44,10,950050,CA-MADDPG-V2.2 Seed 44,-263.29761397371374,0.44,2151.179617440598,49777.373366854845
44,10,950051,CA-MADDPG-V2.2 Seed 44,-265.6697844766557,0.44,2047.3513768221892,43637.38338862658
44,10,950052,CA-MADDPG-V2.2 Seed 44,-202.16353321598382,0.55,1557.1490080542394,32902.68446842779
44,10,950053,CA-MADDPG-V2.2 Seed 44,-267.10245602559655,0.45,1967.5767450962364,51422.22411034049
44,10,950054,CA-MADDPG-V2.2 Seed 44,-228.0316385634034,0.49,1820.8343911452941,36412.44932885229
44,10,950055,CA-MADDPG-V2.2 Seed 44,-242.49854632635837,0.46,1752.9388684911514,43073.29198409734
44,10,950056,CA-MADDPG-V2.2 Seed 44,-227.82663631090847,0.48,1730.218204312709,38638.70690898018
44,10,950057,CA-MADDPG-V2.2 Seed 44,-179.651434507483,0.58,1606.2216269531327,35912.39853678244
44,10,950058,CA-MADDPG-V2.2 Seed 44,-276.8589747412035,0.44,2068.291639479712,53160.669990075585
44,10,950059,CA-MADDPG-V2.2 Seed 44,-198.68154685820724,0.52,1827.1584308692275,38084.073799575024
44,10,950060,CA-MADDPG-V2.2 Seed 44,-202.4005989470262,0.53,1679.5622296728884,35981.86458338555
44,10,950061,CA-MADDPG-V2.2 Seed 44,-217.8911496583185,0.5,1764.0081063215098,41886.81135510863
44,10,950062,CA-MADDPG-V2.2 Seed 44,-197.90223372930686,0.52,1556.8506941987673,35174.00301115787
44,10,950063,CA-MADDPG-V2.2 Seed 44,-281.2157665219038,0.41,2180.6356894044407,57226.037043135686
44,10,950064,CA-MADDPG-V2.2 Seed 44,-239.11387324012372,0.47,1722.7268852781917,38505.326754849
44,10,950065,CA-MADDPG-V2.2 Seed 44,-227.47978409958858,0.47,1608.1377058602613,34691.573455305464
44,10,950066,CA-MADDPG-V2.2 Seed 44,-197.7904201430907,0.51,1646.760624664059,38861.374588178034
44,10,950067,CA-MADDPG-V2.2 Seed 44,-252.37660447434848,0.45,1905.9151084048883,40854.63661887308
44,10,950068,CA-MADDPG-V2.2 Seed 44,-266.9530570722889,0.41,2348.6037991110334,54562.35796844248
44,10,950069,CA-MADDPG-V2.2 Seed 44,-167.7097273250762,0.56,1532.3559614203941,35666.68373708297
44,10,950070,CA-MADDPG-V2.2 Seed 44,-216.98261133151945,0.49,1718.6195981614928,36769.762408079885
44,10,950071,CA-MADDPG-V2.2 Seed 44,-137.5506996278537,0.6,1314.7499704592308,28312.001959155135
44,10,950072,CA-MADDPG-V2.2 Seed 44,-220.49020189035497,0.5,1818.6147824488098,42473.512297635
44,10,950073,CA-MADDPG-V2.2 Seed 44,-226.38224310157983,0.47,1853.4243269254187,36294.05746563777
44,10,950074,CA-MADDPG-V2.2 Seed 44,-153.9005571651837,0.61,1517.0490555681906,33312.49969432353
44,10,950075,CA-MADDPG-V2.2 Seed 44,-183.12746964391866,0.56,1527.2784498227927,35080.483272043326
44,10,950076,CA-MADDPG-V2.2 Seed 44,-210.88066813592982,0.49,1483.0683486378093,32191.666802862856
44,10,950077,CA-MADDPG-V2.2 Seed 44,-196.92677138345934,0.52,1633.5494632408327,37876.54830442238
44,10,950078,CA-MADDPG-V2.2 Seed 44,-248.96650174973752,0.45,1806.4538165080878,41796.51773409981
44,10,950079,CA-MADDPG-V2.2 Seed 44,-196.7897536495961,0.49,1370.5289298112627,28330.233880425392
44,10,950080,CA-MADDPG-V2.2 Seed 44,-284.1585972194112,0.42,1970.3932529596952,51539.39871134921
44,10,950081,CA-MADDPG-V2.2 Seed 44,-232.53502753129231,0.47,1706.3890711212616,40561.89593565999
44,10,950082,CA-MADDPG-V2.2 Seed 44,-148.259462337545,0.59,1522.0557122448374,33363.402817726856
44,10,950083,CA-MADDPG-V2.2 Seed 44,-243.5937364408887,0.46,1570.487141897615,34962.31289559368
44,10,950084,CA-MADDPG-V2.2 Seed 44,-184.99745846722107,0.52,1712.4487471282953,40322.86452898655
44,10,950085,CA-MADDPG-V2.2 Seed 44,-192.35442185066702,0.5,1518.5737552910527,34109.44472802215
44,10,950086,CA-MADDPG-V2.2 Seed 44,-185.86037873009715,0.51,1471.000207828586,34448.36373320341
44,10,950087,CA-MADDPG-V2.2 Seed 44,-201.4582992269011,0.52,1615.9069698041012,36666.38400264825
44,10,950088,CA-MADDPG-V2.2 Seed 44,-258.0069661079342,0.44,1732.833921795793,39117.94199515145
44,10,950089,CA-MADDPG-V2.2 Seed 44,-144.375380515638,0.61,1448.227891144267,34388.90447265061
44,10,950090,CA-MADDPG-V2.2 Seed 44,-240.0783082502888,0.44,2113.5192688746306,48829.12530207691
44,10,950091,CA-MADDPG-V2.2 Seed 44,-257.89324467559845,0.42,1730.5425735669303,40484.527583624746
44,10,950092,CA-MADDPG-V2.2 Seed 44,-211.31555206735413,0.5,1624.9218427965511,39609.896566871335
44,10,950093,CA-MADDPG-V2.2 Seed 44,-226.86838872201474,0.5,1772.0305163384835,40606.397455398466
44,10,950094,CA-MADDPG-V2.2 Seed 44,-197.76930275004986,0.5,1516.3077446020463,34882.50081330885
44,10,950095,CA-MADDPG-V2.2 Seed 44,-256.37324782243326,0.41,1537.3848953129047,34274.280194253966
44,10,950096,CA-MADDPG-V2.2 Seed 44,-272.0116879726954,0.41,1664.597715828885,29393.57279912223
44,10,950097,CA-MADDPG-V2.2 Seed 44,-257.15535124135573,0.42,2270.8836533689,52526.044656686514
44,10,950098,CA-MADDPG-V2.2 Seed 44,-195.17973146946943,0.54,1598.877719818398,34337.7377122005
44,10,950099,CA-MADDPG-V2.2 Seed 44,-227.7755529702032,0.48,1851.962733206113,39168.672030205096
